"timestamp","device_id","max_co","min_co","max_humidity","min_humidity","max_lpg","min_lpg","max_smoke","min_smoke","max_temperature","min_temperature"
"2020-07-12 00:00:00","00:0f:00:70:91:0a","0.0028891021","0.0025714639","76.5","73.8","0.0051779326","0.0047595989","0.0134511789","0.0122935910","20.0","19.5"
"2020-07-12 00:00:00","1c:bf:ce:15:ec:4d","0.0044354558","0.0041897412","77.9","55.9","0.0070605309","0.0067755342","0.0187337159","0.0179270136","27.0","25.4"
"2020-07-12 00:00:00","b8:27:eb:bf:9d:51","0.0050182650","0.0037496193","76.2","49.5","0.0077202943","0.0062057506","0.0206093152","0.0163451253","22.7","22.0"
"2020-07-12 01:00:00","00:0f:00:70:91:0a","0.0042250075","0.0023752603","76.8","74.9","0.0067644119","0.0044940941","0.0179227342","0.0115624423","19.9","19.6"
"2020-07-12 01:00:00","1c:bf:ce:15:ec:4d","0.0043306031","0.0040511345","77.7","74.2","0.0069389210","0.0066126356","0.0183894875","0.0174669998","26.8","26.0"
"2020-07-12 01:00:00","b8:27:eb:bf:9d:51","0.0049988516","0.0048678178","62.7","49.4","0.0076986839","0.0075521621","0.0205476956","0.0201302400","22.7","22.1"
"2020-07-12 02:00:00","00:0f:00:70:91:0a","0.0040939943","0.0023752603","77.1","75.0","0.0066149938","0.0044940941","0.0174985263","0.0115624423","20.4","19.6"
"2020-07-12 02:00:00","1c:bf:ce:15:ec:4d","0.0042370808","0.0040668991","77.2","74.6","0.0068304764","0.0066312187","0.0180825143","0.0175194492","26.5","26.2"
"2020-07-12 02:00:00","b8:27:eb:bf:9d:51","0.0049224179","0.0048651489","52.1","49.5","0.0076133444","0.0075491644","0.0203044893","0.0201217060","22.6","21.9"
"2020-07-12 03:00:00","00:0f:00:70:91:0a","0.0028434966","0.0023752603","76.5","74.2","0.0050755720","0.0044940941","0.0131879600","0.0115624423","20.4","19.4"
"2020-07-12 03:00:00","1c:bf:ce:15:ec:4d","0.0041946508","0.0040014963","77.3","75.2","0.0067811796","0.0065533004","0.0179430184","0.0172999453","26.2","25.9"
"2020-07-12 03:00:00","b8:27:eb:bf:9d:51","0.0049116883","0.0048252039","52.4","49.5","0.0076013382","0.0075042776","0.0202702867","0.0199939313","22.5","21.6"
"2020-07-12 04:00:00","00:0f:00:70:91:0a","0.0027468443","0.0025842492","76.5","74.2","0.0049922341","0.0047767258","0.0129365080","0.0123408404","19.7","19.4"
"2020-07-12 04:00:00","1c:bf:ce:15:ec:4d","0.0041498557","0.0039772665","77.4","74.6","0.0067287412","0.0065251562","0.0177948319","0.0172203004","25.9","25.6"
"2020-07-12 04:00:00","b8:27:eb:bf:9d:51","0.0048638214","0.0047349667","52.8","49.3","0.0075476757","0.0074024873","0.0201174668","0.0197043726","22.3","21.7"
"2020-07-12 05:00:00","00:0f:00:70:91:0a","0.0027528076","0.0026097375","76.2","74.6","0.0050000050","0.0048108135","0.0129580520","0.0124349086","19.8","19.4"
"2020-07-12 05:00:00","1c:bf:ce:15:ec:4d","0.0041739673","0.0039124936","77.3","75.7","0.0067568416","0.0064481380","0.0178743044","0.0170032585","25.6","25.0"
"2020-07-12 05:00:00","b8:27:eb:bf:9d:51","0.0047986056","0.0047340573","51.9","49.3","0.0074743276","0.0074014590","0.0199087066","0.0197014488","22.3","21.6"
"2020-07-12 06:00:00","00:0f:00:70:91:0a","0.0027382490","0.0026019397","76.4","73.9","0.0049807470","0.0048003879","0.0129048034","0.0124061366","19.7","19.3"
"2020-07-12 06:00:00","1c:bf:ce:15:ec:4d","0.0041423708","0.0040106492","76.0","72.4","0.0067198971","0.0065647103","0.0177698807","0.0173318364","25.4","24.3"
"2020-07-12 06:00:00","b8:27:eb:bf:9d:51","0.0048480952","0.0047807525","71.9","49.3","0.0075300168","0.0074542038","0.0200671924","0.0198514537","22.1","21.3"
"2020-07-12 07:00:00","00:0f:00:70:91:0a","0.0028384208","0.0026165689","75.8","73.4","0.0051121876","0.0048199141","0.0132687603","0.0124600400","19.6","19.3"
"2020-07-12 07:00:00","1c:bf:ce:15:ec:4d","0.0041124664","0.0039265570","75.8","73.8","0.0066846755","0.0064648792","0.0176704556","0.0170504268","25.1","24.8"
"2020-07-12 07:00:00","b8:27:eb:bf:9d:51","0.0048749200","0.0048266514","52.1","49.4","0.0075601285","0.0075059048","0.0201529247","0.0199985629","22.0","21.3"
"2020-07-12 08:00:00","00:0f:00:70:91:0a","0.0028660170","0.0027668192","75.9","73.8","0.0051480675","0.0050183463","0.0133682737","0.0130088605","19.8","19.3"
"2020-07-12 08:00:00","1c:bf:ce:15:ec:4d","0.0041384739","0.0038576610","75.5","73.7","0.0067153739","0.0063826336","0.0177570791","0.0168188174","24.8","24.6"
"2020-07-12 08:00:00","b8:27:eb:bf:9d:51","0.0048927668","0.0048607389","52.1","49.3","0.0075801368","0.0075442157","0.0202099038","0.0201076156","21.7","21.2"
"2020-07-12 09:00:00","00:0f:00:70:91:0a","0.0047662961","0.0025561653","75.8","73.1","0.0074347007","0.0047390914","0.0197976190","0.0122370218","19.7","19.3"
"2020-07-12 09:00:00","1c:bf:ce:15:ec:4d","0.0038941244","0.0038287145","75.1","70.8","0.0064262232","0.0063479495","0.0169415381","0.0167212092","24.6","24.3"
"2020-07-12 09:00:00","b8:27:eb:bf:9d:51","0.0048925675","0.0048578991","52.4","49.5","0.0075799139","0.0075410293","0.0202092689","0.0200985428","21.6","21.2"
"2020-07-12 10:00:00","00:0f:00:70:91:0a","0.0046458072","0.0029862106","76.0","73.6","0.0072887239","0.0053033932","0.0193876640","0.0137995390","19.7","19.4"
"2020-07-12 10:00:00","1c:bf:ce:15:ec:4d","0.0040213419","0.0038641776","74.6","72.7","0.0065772905","0.0063904373","0.0173673552","0.0168407808","24.3","23.8"
"2020-07-12 10:00:00","b8:27:eb:bf:9d:51","0.0048902171","0.0048446328","52.6","49.9","0.0075772849","0.0075261251","0.0202017789","0.0200561148","21.5","21.1"
"2020-07-12 11:00:00","00:0f:00:70:91:0a","0.0036510056","0.0029847756","75.8","73.5","0.0061025186","0.0053015512","0.0160469128","0.0137944185","19.9","19.4"
"2020-07-12 11:00:00","1c:bf:ce:15:ec:4d","0.0040501274","0.0038710151","74.3","71.6","0.0066114189","0.0063986101","0.0174635808","0.0168637907","24.4","23.8"
"2020-07-12 11:00:00","b8:27:eb:bf:9d:51","0.0049181723","0.0048075505","53.7","50.1","0.0076085976","0.0074844066","0.0202909648","0.0199373835","21.5","21.1"
"2020-07-12 12:00:00","00:0f:00:70:91:0a","0.0030842608","0.0030013852","75.8","73.4","0.0054287739","0.0053228836","0.0141483168","0.0138537138","19.7","19.2"
"2020-07-12 12:00:00","1c:bf:ce:15:ec:4d","0.0040598850","0.0038838463","73.3","71.4","0.0066227235","0.0064139289","0.0174955863","0.0169069289","24.8","24.4"
"2020-07-12 12:00:00","b8:27:eb:bf:9d:51","0.0049069338","0.0047838990","53.6","50.7","0.0075960130","0.0074577508","0.0202551190","0.0198615448","21.7","21.1"
"2020-07-12 13:00:00","00:0f:00:70:91:0a","0.0032063342","0.0029999621","75.0","71.9","0.0055686010","0.0053210565","0.0145450650","0.0138486348","19.7","19.3"
"2020-07-12 13:00:00","1c:bf:ce:15:ec:4d","0.0040993016","0.0038931766","72.9","68.3","0.0066693164","0.0064250918","0.0176270261","0.0169383520","25.3","24.8"
"2020-07-12 13:00:00","b8:27:eb:bf:9d:51","0.0048651315","0.0048027902","55.3","50.9","0.0075491179","0.0074790373","0.0201215874","0.0199221093","21.9","21.2"
"2020-07-12 14:00:00","00:0f:00:70:91:0a","0.0031241300","0.0030120773","74.6","72.1","0.0054794020","0.0053365995","0.0142893267","0.0138918463","19.5","19.1"
"2020-07-12 14:00:00","1c:bf:ce:15:ec:4d","0.0042597636","0.0039581694","70.1","68.6","0.0068572240","0.0065025094","0.0181580033","0.0171564499","25.8","25.0"
"2020-07-12 14:00:00","b8:27:eb:bf:9d:51","0.0049103991","0.0048182453","53.4","50.5","0.0075998873","0.0074964449","0.0202661577","0.0199716413","22.2","21.2"
"2020-07-12 15:00:00","00:0f:00:70:91:0a","0.0035378341","0.0031070270","75.0","73.3","0.0059952724","0.0054577048","0.0157307944","0.0142288848","19.6","19.1"
"2020-07-12 15:00:00","1c:bf:ce:15:ec:4d","0.0043350503","0.0040886168","69.4","63.1","0.0069446973","0.0066568388","0.0184055266","0.0175917499","26.4","25.6"
"2020-07-12 15:00:00","b8:27:eb:bf:9d:51","0.0049746921","0.0049065479","53.2","50.0","0.0076717463","0.0075955767","0.0204709083","0.0202538784","22.3","21.4"
"2020-07-12 16:00:00","00:0f:00:70:91:0a","0.0041158437","0.0035221026","74.9","72.1","0.0066888367","0.0059759772","0.0176821101","0.0156767197","19.6","18.9"
"2020-07-12 16:00:00","1c:bf:ce:15:ec:4d","0.0041856791","0.0040462195","62.5","51.5","0.0067707844","0.0066068309","0.0179135883","0.0174506221","27.6","26.4"
"2020-07-12 16:00:00","b8:27:eb:bf:9d:51","0.0050630420","0.0049505891","52.6","49.7","0.0077700706","0.0076448406","0.0207512817","0.0203942275","22.3","21.4"
"2020-07-12 17:00:00","00:0f:00:70:91:0a","0.0045818356","0.0039728717","74.3","72.6","0.0072285181","0.0065198100","0.0192101173","0.0172052949","19.3","18.8"
"2020-07-12 17:00:00","1c:bf:ce:15:ec:4d","0.0042495627","0.0041696800","54.7","49.0","0.0068453399","0.0067520072","0.0181243908","0.0178605499","28.2","27.5"
"2020-07-12 17:00:00","b8:27:eb:bf:9d:51","0.0051279861","0.0050566560","52.8","50.3","0.0078420412","0.0077629839","0.0209566622","0.0207310636","22.1","21.3"
"2020-07-12 18:00:00","00:0f:00:70:91:0a","0.0048794820","0.0045227494","74.1","71.8","0.0075652537","0.0071607331","0.0201675147","0.0190178716","19.1","18.9"
"2020-07-12 18:00:00","1c:bf:ce:15:ec:4d","0.0044351934","0.0041692059","52.3","48.4","0.0070603444","0.0067514897","0.0187331290","0.0178590686","28.3","20.5"
"2020-07-12 18:00:00","b8:27:eb:bf:9d:51","0.0051517082","0.0051048904","52.1","49.9","0.0078682674","0.0078164797","0.0210315348","0.0208837011","22.2","21.5"
"2020-07-12 19:00:00","00:0f:00:70:91:0a","0.0050297111","0.0048582171","74.1","71.5","0.0077327643","0.0075413224","0.0206450098","0.0200994097","19.4","18.8"
"2020-07-12 19:00:00","1c:bf:ce:15:ec:4d","0.0045279327","0.0040878238","53.5","48.4","0.0071667538","0.0066559045","0.0190349091","0.0175891127","28.3","20.4"
"2020-07-12 19:00:00","b8:27:eb:bf:9d:51","0.0052233372","0.0051300114","51.8","49.5","0.0079472581","0.0078442815","0.0212571454","0.0209630574","22.3","21.5"
"2020-07-12 20:00:00","00:0f:00:70:91:0a","0.0057849712","0.0050327004","74.3","72.6","0.0085564822","0.0077362599","0.0230023075","0.0206548920","19.2","18.8"
"2020-07-12 20:00:00","1c:bf:ce:15:ec:4d","0.0045960258","0.0043341061","60.0","48.3","0.0072446169","0.0069436281","0.0192558662","0.0184024870","28.3","20.4"
"2020-07-12 20:00:00","b8:27:eb:bf:9d:51","0.0052709315","0.0052022426","51.8","49.6","0.0079995779","0.0079240269","0.0214066641","0.0211907774","22.2","21.7"
"2020-07-12 21:00:00","00:0f:00:70:91:0a","0.0062511682","0.0056695094","75.1","73.8","0.0090500874","0.0084324458","0.0244223915","0.0226463806","19.5","18.7"
"2020-07-12 21:00:00","1c:bf:ce:15:ec:4d","0.0046586782","0.0043507785","54.6","49.3","0.0073155417","0.0069629476","0.0194574947","0.0184571818","28.3","28.0"
"2020-07-12 21:00:00","b8:27:eb:bf:9d:51","0.0053113566","0.0052627831","51.6","49.5","0.0080439099","0.0079906287","0.0215334095","0.0213810850","22.2","21.7"
"2020-07-12 22:00:00","00:0f:00:70:91:0a","0.0111809834","0.0054252377","75.0","72.6","0.0137824055","0.0081509029","0.0382750304","0.0218484521","24.0","18.7"
"2020-07-12 22:00:00","1c:bf:ce:15:ec:4d","0.0045156102","0.0042996976","57.2","53.7","0.0071526934","0.0069037123","0.0189949939","0.0182895059","28.0","27.1"
"2020-07-12 22:00:00","b8:27:eb:bf:9d:51","0.0059998095","0.0052880067","51.9","49.7","0.0087853408","0.0080183171","0.0236600120","0.0214602326","22.2","21.2"
"2020-07-12 23:00:00","00:0f:00:70:91:0a","0.0057678387","0.0051694619","74.6","73.7","0.0085246822","0.0078789252","0.0229179934","0.0210665339","23.6","18.7"
"2020-07-12 23:00:00","1c:bf:ce:15:ec:4d","0.0045673595","0.0043905728","60.0","57.2","0.0072119971","0.0070089590","0.0191632181","0.0185874932","27.1","26.8"
"2020-07-12 23:00:00","b8:27:eb:bf:9d:51","0.0061384390","0.0056621359","51.8","49.4","0.0089317227","0.0084247923","0.0240813524","0.0226242814","21.9","21.1"
"2020-07-13 00:00:00","00:0f:00:70:91:0a","0.0112147622","0.0051523551","74.7","72.7","0.0138125229","0.0078607273","0.0383643738","0.0210142232","19.5","18.8"
"2020-07-13 00:00:00","1c:bf:ce:15:ec:4d","0.0046342991","0.0044925351","60.2","56.6","0.0072883077","0.0071263341","0.0193798879","0.0189201788","27.0","26.3"
"2020-07-13 00:00:00","b8:27:eb:bf:9d:51","0.0056533371","0.0053523206","52.0","49.0","0.0084153304","0.0080887414","0.0225971351","0.0216616297","22.4","21.4"
"2020-07-13 01:00:00","00:0f:00:70:91:0a","0.0085585474","0.0070775779","74.7","72.7","0.0113593084","0.0099004832","0.0311327188","0.0268814114","20.0","18.8"
"2020-07-13 01:00:00","1c:bf:ce:15:ec:4d","0.0048163509","0.0045625881","61.0","58.3","0.0074942866","0.0072065465","0.0199655126","0.0191477480","26.3","26.0"
"2020-07-13 01:00:00","b8:27:eb:bf:9d:51","0.0053572468","0.0052844295","51.5","48.4","0.0080941309","0.0080143961","0.0216770447","0.0214490213","22.4","21.5"
"2020-07-13 02:00:00","00:0f:00:70:91:0a","0.0070504400","0.0061548179","74.5","73.1","0.0098730345","0.0089487650","0.0268017956","0.0241305356","19.4","18.9"
"2020-07-13 02:00:00","1c:bf:ce:15:ec:4d","0.0046090549","0.0045348326","59.5","58.7","0.0072595459","0.0071747977","0.0192982158","0.0190576580","26.2","25.8"
"2020-07-13 02:00:00","b8:27:eb:bf:9d:51","0.0052834155","0.0050879202","51.0","48.3","0.0080132839","0.0077976751","0.0214458416","0.0208300382","22.4","21.5"
"2020-07-13 03:00:00","00:0f:00:70:91:0a","0.0061582426","0.0052066997","74.9","73.0","0.0089524028","0.0079286904","0.0241409956","0.0212042249","19.7","19.0"
"2020-07-13 03:00:00","1c:bf:ce:15:ec:4d","0.0046080583","0.0044699600","59.7","59.0","0.0072583771","0.0071003991","0.0192949137","0.0188466425","25.8","25.3"
"2020-07-13 03:00:00","b8:27:eb:bf:9d:51","0.0050864409","0.0050160402","67.8","48.3","0.0077960315","0.0077178264","0.0208253501","0.0206022738","22.4","21.6"
"2020-07-13 04:00:00","00:0f:00:70:91:0a","0.0053028786","0.0048530187","75.8","72.9","0.0080345957","0.0075354976","0.0215067886","0.0200828204","19.8","19.0"
"2020-07-13 04:00:00","1c:bf:ce:15:ec:4d","0.0046680661","0.0044488015","60.1","59.4","0.0073266608","0.0070760796","0.0194888556","0.0187776931","25.4","25.1"
"2020-07-13 04:00:00","b8:27:eb:bf:9d:51","0.0050342352","0.0049498539","66.1","49.3","0.0077380681","0.0076440215","0.0206599971","0.0203918925","22.2","21.5"
"2020-07-13 05:00:00","00:0f:00:70:91:0a","0.0048715347","0.0045508992","76.1","73.9","0.0075563279","0.0071930622","0.0201421040","0.0191095426","19.6","19.3"
"2020-07-13 05:00:00","1c:bf:ce:15:ec:4d","0.0046758051","0.0044679018","60.1","58.8","0.0073354556","0.0070980343","0.0195138408","0.0188399376","25.1","24.7"
"2020-07-13 05:00:00","b8:27:eb:bf:9d:51","0.0051064126","0.0049439597","55.9","48.3","0.0078181619","0.0076374355","0.0208885041","0.0203731256","22.3","21.6"
"2020-07-13 06:00:00","00:0f:00:70:91:0a","0.0046028041","0.0041809839","76.0","73.2","0.0072523346","0.0067652571","0.0192777839","0.0178979844","19.7","19.3"
"2020-07-13 06:00:00","1c:bf:ce:15:ec:4d","0.0047194506","0.0044411784","60.0","59.6","0.0073849098","0.0070672953","0.0196544089","0.0187527995","24.7","24.2"
"2020-07-13 06:00:00","b8:27:eb:bf:9d:51","0.0051432820","0.0051017103","51.5","48.4","0.0078589545","0.0078129565","0.0210049462","0.0208736466","22.1","21.6"
"2020-07-13 07:00:00","00:0f:00:70:91:0a","0.0042166179","0.0039859951","76.1","70.1","0.0068066560","0.0065354714","0.0180151322","0.0172494013","19.6","19.3"
"2020-07-13 07:00:00","1c:bf:ce:15:ec:4d","0.0047430705","0.0044905066","60.0","58.5","0.0074115739","0.0071239991","0.0197302487","0.0189135604","24.4","24.1"
"2020-07-13 07:00:00","b8:27:eb:bf:9d:51","0.0051449581","0.0051148072","51.7","48.9","0.0078608020","0.0078274549","0.0210102233","0.0209150282","21.9","21.5"
"2020-07-13 08:00:00","00:0f:00:70:91:0a","0.0040414707","0.0038394200","76.1","72.4","0.0066009665","0.0063607397","0.0174342046","0.0167572221","20.0","19.4"
"2020-07-13 08:00:00","1c:bf:ce:15:ec:4d","0.0048252466","0.0045443448","59.8","58.7","0.0075038248","0.0071856697","0.0199928964","0.0190885127","24.1","23.9"
"2020-07-13 08:00:00","b8:27:eb:bf:9d:51","0.0051379499","0.0051088421","51.7","49.1","0.0078530655","0.0078208521","0.0209881308","0.0208961820","21.9","21.4"
"2020-07-13 09:00:00","00:0f:00:70:91:0a","0.0039255710","0.0038162057","76.2","73.0","0.0064637136","0.0063328180","0.0170471385","0.0166786980","19.9","19.3"
"2020-07-13 09:00:00","1c:bf:ce:15:ec:4d","0.0047610267","0.0045170064","59.7","59.4","0.0074318837","0.0071543764","0.0197879955","0.0189997259","23.9","23.7"
"2020-07-13 09:00:00","b8:27:eb:bf:9d:51","0.0051359078","0.0050990948","52.0","49.2","0.0078508025","0.0078100570","0.0209816729","0.0208653729","21.8","21.3"
"2020-07-13 10:00:00","00:0f:00:70:91:0a","0.0038448566","0.0037405666","76.3","53.8","0.0063672551","0.0062418869","0.0167755571","0.0164229500","19.8","19.5"
"2020-07-13 10:00:00","1c:bf:ce:15:ec:4d","0.0046715017","0.0044580918","60.1","59.1","0.0073283605","0.0070867570","0.0194947922","0.0188079656","23.7","23.4"
"2020-07-13 10:00:00","b8:27:eb:bf:9d:51","0.0051221385","0.0050939638","52.2","49.4","0.0078355751","0.0078043721","0.0209382029","0.0208491496","21.7","21.3"
"2020-07-13 11:00:00","00:0f:00:70:91:0a","0.0038549763","0.0037091307","76.3","54.8","0.0063793401","0.0062038173","0.0168095872","0.0163160172","19.7","19.4"
"2020-07-13 11:00:00","1c:bf:ce:15:ec:4d","0.0046576735","0.0043955667","60.0","58.8","0.0073148671","0.0070146931","0.0194553423","0.0186037532","23.6","23.5"
"2020-07-13 11:00:00","b8:27:eb:bf:9d:51","0.0051174590","0.0050854813","52.6","50.2","0.0078303946","0.0077949718","0.0209234166","0.0208223242","21.7","21.3"
"2020-07-13 12:00:00","00:0f:00:70:91:0a","0.0038936095","0.0037149120","76.2","54.6","0.0064255804","0.0062108563","0.0169397421","0.0163357700","19.7","19.4"
"2020-07-13 12:00:00","1c:bf:ce:15:ec:4d","0.0045526081","0.0043429763","65.7","59.3","0.0071950643","0.0069539119","0.0191151998","0.0184315984","23.7","23.3"
"2020-07-13 12:00:00","b8:27:eb:bf:9d:51","0.0051150185","0.0050804854","53.2","49.7","0.0078276916","0.0077894314","0.0209157023","0.0208065158","21.9","21.3"
"2020-07-13 13:00:00","00:0f:00:70:91:0a","0.0038943447","0.0037508261","76.1","54.7","0.0064263016","0.0062542666","0.0169418516","0.0164577454","19.8","19.3"
"2020-07-13 13:00:00","1c:bf:ce:15:ec:4d","0.0046117023","0.0043429582","65.8","62.3","0.0072618417","0.0069538722","0.0193050982","0.0184314954","23.5","23.0"
"2020-07-13 13:00:00","b8:27:eb:bf:9d:51","0.0051277059","0.0050769293","52.8","49.5","0.0078417330","0.0077854866","0.0209557813","0.0207952604","22.1","21.4"
"2020-07-13 14:00:00","00:0f:00:70:91:0a","0.0039309209","0.0038681635","75.4","72.6","0.0064700409","0.0063951244","0.0170649862","0.0168540159","19.6","19.2"
"2020-07-13 14:00:00","1c:bf:ce:15:ec:4d","0.0045955782","0.0042934078","62.3","61.6","0.0072441504","0.0068964005","0.0192545195","0.0182688176","23.7","23.5"
"2020-07-13 14:00:00","b8:27:eb:bf:9d:51","0.0051659502","0.0051129994","52.4","49.2","0.0078839984","0.0078254593","0.0210764524","0.0209093294","22.2","21.4"
"2020-07-13 15:00:00","00:0f:00:70:91:0a","0.0043156356","0.0039107844","75.4","72.1","0.0069215967","0.0064460942","0.0183404326","0.0169975048","19.6","19.1"
"2020-07-13 15:00:00","1c:bf:ce:15:ec:4d","0.0043279324","0.0042131486","62.3","61.4","0.0069364632","0.0068028958","0.0183822084","0.0180043553","24.2","23.7"
"2020-07-13 15:00:00","b8:27:eb:bf:9d:51","0.0052026150","0.0051540485","52.5","49.0","0.0079244411","0.0078708565","0.0211919585","0.0210389256","22.2","21.4"
"2020-07-13 16:00:00","00:0f:00:70:91:0a","0.0049107314","0.0042670782","76.0","73.7","0.0076002487","0.0068654414","0.0202671924","0.0181813980","19.6","19.1"
"2020-07-13 16:00:00","1c:bf:ce:15:ec:4d","0.0042451450","0.0041820942","62.7","62.3","0.0068402377","0.0067665891","0.0181099376","0.0179017321","24.7","24.2"
"2020-07-13 16:00:00","b8:27:eb:bf:9d:51","0.0052231778","0.0051814914","52.6","49.5","0.0079470806","0.0079011502","0.0212566394","0.0211254340","22.3","21.5"
"2020-07-13 17:00:00","00:0f:00:70:91:0a","0.0049715393","0.0049020952","76.1","56.5","0.0076681501","0.0075905846","0.0204606981","0.0202396621","19.3","19.0"
"2020-07-13 17:00:00","1c:bf:ce:15:ec:4d","0.0042500383","0.0041649898","62.9","60.7","0.0068459393","0.0067465309","0.0181260634","0.0178450671","25.0","24.4"
"2020-07-13 17:00:00","b8:27:eb:bf:9d:51","0.0052029771","0.0051004861","52.4","48.8","0.0079248378","0.0078116007","0.0211930927","0.0208697772","22.5","21.6"
"2020-07-13 18:00:00","00:0f:00:70:91:0a","0.0049183331","0.0047793116","75.5","73.4","0.0076087570","0.0074524820","0.0202914293","0.0198466047","19.7","18.9"
"2020-07-13 18:00:00","1c:bf:ce:15:ec:4d","0.0042581797","0.0041703418","62.9","61.8","0.0068554026","0.0067527823","0.0181528396","0.0178627401","25.4","25.0"
"2020-07-13 18:00:00","b8:27:eb:bf:9d:51","0.0051152120","0.0050745471","51.3","48.4","0.0078279063","0.0077828438","0.0209163148","0.0207877203","22.7","21.8"
"2020-07-13 19:00:00","00:0f:00:70:91:0a","0.0048816707","0.0048068288","75.0","73.1","0.0075677057","0.0074835259","0.0201744984","0.0199349120","19.4","18.8"
"2020-07-13 19:00:00","1c:bf:ce:15:ec:4d","0.0043744093","0.0040479582","62.9","62.0","0.0069900996","0.0066088826","0.0185341666","0.0174564117","25.4","25.0"
"2020-07-13 19:00:00","b8:27:eb:bf:9d:51","0.0052835535","0.0051086004","69.0","48.2","0.0080134259","0.0078205849","0.0214462524","0.0208954193","22.5","21.6"
"2020-07-13 20:00:00","00:0f:00:70:91:0a","0.0049076061","0.0035195231","77.3","73.4","0.0075967388","0.0059728045","0.0202572001","0.0156678326","19.6","18.8"
"2020-07-13 20:00:00","1c:bf:ce:15:ec:4d","0.0041276091","0.0040322834","62.9","62.1","0.0067026240","0.0065903347","0.0177210646","0.0174040975","25.7","25.4"
"2020-07-13 20:00:00","b8:27:eb:bf:9d:51","0.0053007516","0.0051876354","68.3","48.2","0.0080322972","0.0079079273","0.0215002000","0.0211447897","22.7","21.9"
"2020-07-13 21:00:00","00:0f:00:70:91:0a","0.0039612176","0.0034840492","75.4","72.6","0.0065060232","0.0059291383","0.0171664077","0.0155455360","19.6","18.9"
"2020-07-13 21:00:00","1c:bf:ce:15:ec:4d","0.0042034383","0.0040089640","62.9","61.4","0.0067915474","0.0065627679","0.0179722761","0.0173263318","26.0","25.7"
"2020-07-13 21:00:00","b8:27:eb:bf:9d:51","0.0053219057","0.0052805064","51.1","47.7","0.0080554700","0.0080100848","0.0215664643","0.0214366998","22.8","21.9"
"2020-07-13 22:00:00","00:0f:00:70:91:0a","0.0041754353","0.0038833420","75.0","73.5","0.0067587728","0.0064132921","0.0178796546","0.0169051532","22.4","18.9"
"2020-07-13 22:00:00","1c:bf:ce:15:ec:4d","0.0040103661","0.0039577365","62.6","61.2","0.0065644267","0.0065019957","0.0173310107","0.0171550019","26.2","26.0"
"2020-07-13 22:00:00","b8:27:eb:bf:9d:51","0.0052899833","0.0052267416","50.5","47.3","0.0080204841","0.0079510036","0.0214664281","0.0212678477","22.9","22.0"
"2020-07-13 23:00:00","00:0f:00:70:91:0a","0.0042455679","0.0040257818","74.9","73.6","0.0068406244","0.0065824691","0.0181110850","0.0173819992","19.5","18.9"
"2020-07-13 23:00:00","1c:bf:ce:15:ec:4d","0.0040886168","0.0039548122","61.4","55.5","0.0066568388","0.0064985109","0.0175917499","0.0171451853","26.3","25.8"
"2020-07-13 23:00:00","b8:27:eb:bf:9d:51","0.0052403744","0.0052000256","50.1","47.3","0.0079660034","0.0079215891","0.0213107069","0.0211838110","23.0","22.2"
"2020-07-14 00:00:00","00:0f:00:70:91:0a","0.0042629204","0.0039672192","75.0","72.3","0.0068606303","0.0065131707","0.0181677741","0.0171865441","19.8","18.9"
"2020-07-14 00:00:00","1c:bf:ce:15:ec:4d","0.0041889683","0.0040729716","59.0","56.6","0.0067746185","0.0066383912","0.0179244315","0.0175396856","25.9","24.9"
"2020-07-14 00:00:00","b8:27:eb:bf:9d:51","0.0052463958","0.0052041797","49.8","47.3","0.0079726248","0.0079261623","0.0213296284","0.0211968768","23.1","22.2"
"2020-07-14 01:00:00","00:0f:00:70:91:0a","0.0041720973","0.0039230661","76.2","73.6","0.0067548517","0.0064607335","0.0178685807","0.0170387412","19.7","19.1"
"2020-07-14 01:00:00","1c:bf:ce:15:ec:4d","0.0045228476","0.0041857392","60.8","57.5","0.0071610786","0.0067708486","0.0190187337","0.0179137729","24.9","23.9"
"2020-07-14 01:00:00","b8:27:eb:bf:9d:51","0.0052134448","0.0051582317","62.9","46.9","0.0079363676","0.0078754785","0.0212260310","0.0210521222","23.2","22.6"
"2020-07-14 02:00:00","00:0f:00:70:91:0a","0.0041631931","0.0031629658","75.3","72.0","0.0067444372","0.0055285902","0.0178391457","0.0144263894","20.2","19.6"
"2020-07-14 02:00:00","1c:bf:ce:15:ec:4d","0.0048701416","0.0045054512","67.0","61.1","0.0075547655","0.0071411349","0.0201376550","0.0189621641","23.9","23.0"
"2020-07-14 02:00:00","b8:27:eb:bf:9d:51","0.0051914672","0.0049501136","67.6","46.8","0.0079121518","0.0076443005","0.0211568559","0.0203926931","23.2","22.7"
"2020-07-14 03:00:00","00:0f:00:70:91:0a","0.0033834571","0.0030569656","75.2","73.2","0.0058044338","0.0053940025","0.0151967169","0.0140515260","19.9","19.6"
"2020-07-14 03:00:00","1c:bf:ce:15:ec:4d","0.0051731909","0.0047631470","70.5","62.3","0.0078919811","0.0074206557","0.0210992533","0.0197631526","23.6","22.3"
"2020-07-14 03:00:00","b8:27:eb:bf:9d:51","0.0049726889","0.0049240632","72.2","46.9","0.0076695143","0.0076151862","0.0204645448","0.0203097358","23.3","22.7"
"2020-07-14 04:00:00","00:0f:00:70:91:0a","0.0036750310","0.0033450148","75.4","71.8","0.0061624928","0.0057565735","0.0161999566","0.0150629452","20.1","19.4"
"2020-07-14 04:00:00","1c:bf:ce:15:ec:4d","0.0048353920","0.0046823215","62.2","59.7","0.0075157307","0.0073428650","0.0200265314","0.0195348879","24.0","23.6"
"2020-07-14 04:00:00","b8:27:eb:bf:9d:51","0.0049549918","0.0049062592","52.7","46.8","0.0076497485","0.0075952601","0.0204082186","0.0202529733","23.1","22.4"
"2020-07-14 05:00:00","00:0f:00:70:91:0a","0.0037390436","0.0035891988","76.3","75.3","0.0062400459","0.0060580617","0.0164177770","0.0159068674","19.9","19.8"
"2020-07-14 05:00:00","1c:bf:ce:15:ec:4d","0.0046757310","0.0045594703","59.9","59.3","0.0073353864","0.0072029753","0.0195136366","0.0191376167","23.9","23.7"
"2020-07-14 05:00:00","b8:27:eb:bf:9d:51","0.0050166150","0.0048911600","54.6","50.2","0.0077184588","0.0075783405","0.0206040809","0.0202047857","22.8","22.6"
"2020-07-14 06:00:00","00:0f:00:70:91:0a","0.0037531503","0.0036921068","76.8","76.1","0.0062570680","0.0061832290","0.0164656207","0.0162581734","20.2","19.9"
"2020-07-14 06:00:00","1c:bf:ce:15:ec:4d","0.0045986609","0.0044670763","59.5","58.0","0.0072476678","0.0070970872","0.0192645048","0.0188372514","23.8","23.2"
"2020-07-14 06:00:00","b8:27:eb:bf:9d:51","0.0050128768","0.0048748549","55.6","51.5","0.0077142992","0.0075600545","0.0205922195","0.0201527145","22.6","22.5"
"2020-07-14 07:00:00","00:0f:00:70:91:0a","0.0039190008","0.0037435694","77.3","76.5","0.0064558298","0.0062455046","0.0170249576","0.0164331210","20.4","19.9"
"2020-07-14 07:00:00","1c:bf:ce:15:ec:4d","0.0046483945","0.0044564660","59.4","58.6","0.0073042535","0.0070848729","0.0194252250","0.0188026317","23.5","23.2"
"2020-07-14 07:00:00","b8:27:eb:bf:9d:51","0.0049011212","0.0048415947","55.9","52.4","0.0075895000","0.0075227080","0.0202365695","0.0200463894","22.5","22.4"
"2020-07-14 08:00:00","00:0f:00:70:91:0a","0.0046026114","0.0039080200","77.6","74.8","0.0072521686","0.0064427958","0.0192772854","0.0169882154","20.3","19.9"
"2020-07-14 08:00:00","1c:bf:ce:15:ec:4d","0.0046344251","0.0043398017","59.4","59.0","0.0072879719","0.0069502328","0.0193791760","0.0184211830","23.2","22.6"
"2020-07-14 08:00:00","b8:27:eb:bf:9d:51","0.0049524663","0.0048473206","56.0","53.0","0.0076469350","0.0075291418","0.0204001972","0.0200647039","22.4","22.3"
"2020-07-14 09:00:00","00:0f:00:70:91:0a","0.0042464108","0.0039307375","77.8","73.1","0.0068413690","0.0064698601","0.0181133105","0.0170644581","20.2","19.9"
"2020-07-14 09:00:00","1c:bf:ce:15:ec:4d","0.0044706504","0.0042115792","59.5","59.2","0.0071011713","0.0068010645","0.0188488428","0.0179991773","23.0","22.7"
"2020-07-14 09:00:00","b8:27:eb:bf:9d:51","0.0050032277","0.0049432418","56.1","53.4","0.0077035546","0.0076366310","0.0205615841","0.0203708346","22.3","22.1"
"2020-07-14 10:00:00","00:0f:00:70:91:0a","0.0039981866","0.0038731369","77.8","55.1","0.0065498111","0.0064010302","0.0172898899","0.0168706627","20.2","20.0"
"2020-07-14 10:00:00","1c:bf:ce:15:ec:4d","0.0043059582","0.0041915053","60.1","58.8","0.0069109809","0.0067775965","0.0183100766","0.0179328429","22.7","22.6"
"2020-07-14 10:00:00","b8:27:eb:bf:9d:51","0.0050132530","0.0049904926","56.3","53.8","0.0077147213","0.0076893673","0.0205934213","0.0205211361","22.1","22.0"
"2020-07-14 11:00:00","00:0f:00:70:91:0a","0.0039247099","0.0035649542","77.8","55.2","0.0064626892","0.0060284338","0.0170442519","0.0158237807","20.1","19.7"
"2020-07-14 11:00:00","1c:bf:ce:15:ec:4d","0.0043069604","0.0042436780","59.6","58.6","0.0069121458","0.0068385269","0.0183133726","0.0181050999","23.0","22.4"
"2020-07-14 11:00:00","b8:27:eb:bf:9d:51","0.0050402473","0.0049984000","54.1","50.8","0.0077447481","0.0076981772","0.0206790508","0.0205462528","22.3","21.6"
"2020-07-14 12:00:00","00:0f:00:70:91:0a","0.0036371668","0.0034204932","77.7","55.8","0.0061163960","0.0058505597","0.0160705982","0.0153256325","20.0","19.6"
"2020-07-14 12:00:00","1c:bf:ce:15:ec:4d","0.0043172032","0.0042434650","69.3","59.5","0.0069240232","0.0068382789","0.0183469939","0.0181043984","23.9","23.0"
"2020-07-14 12:00:00","b8:27:eb:bf:9d:51","0.0050180488","0.0048656407","54.3","50.5","0.0077200578","0.0075497214","0.0206086387","0.0201232895","22.4","21.8"
"2020-07-14 13:00:00","00:0f:00:70:91:0a","0.0039240402","0.0035024978","77.4","74.5","0.0064618924","0.0059518650","0.0170420068","0.0156091782","20.1","19.5"
"2020-07-14 13:00:00","1c:bf:ce:15:ec:4d","0.0043815968","0.0042443890","67.6","63.7","0.0069985817","0.0068393562","0.0185581025","0.0181074449","25.0","23.9"
"2020-07-14 13:00:00","b8:27:eb:bf:9d:51","0.0049719915","0.0048199990","56.1","50.7","0.0076687316","0.0074984197","0.0204623163","0.0199772607","22.7","21.8"
"2020-07-14 14:00:00","00:0f:00:70:91:0a","0.0041527618","0.0039115742","76.9","75.3","0.0067321621","0.0064470366","0.0178044894","0.0170001589","20.0","19.3"
"2020-07-14 14:00:00","1c:bf:ce:15:ec:4d","0.0046447543","0.0043683552","65.8","62.0","0.0073001907","0.0069832712","0.0194136455","0.0185147409","25.4","24.8"
"2020-07-14 14:00:00","b8:27:eb:bf:9d:51","0.0048877101","0.0046739188","54.2","49.8","0.0075744700","0.0073333210","0.0201937649","0.0195077719","22.7","21.9"
"2020-07-14 15:00:00","00:0f:00:70:91:0a","0.0044286848","0.0040493337","76.9","74.8","0.0070524839","0.0066103554","0.0187110357","0.0174606435","19.8","19.2"
"2020-07-14 15:00:00","1c:bf:ce:15:ec:4d","0.0048876217","0.0045395549","63.0","58.9","0.0075742762","0.0071802005","0.0201932610","0.0190729884","26.0","25.4"
"2020-07-14 15:00:00","b8:27:eb:bf:9d:51","0.0050227534","0.0048820305","53.2","49.5","0.0077252929","0.0075681045","0.0206235671","0.0201756362","22.8","21.8"
"2020-07-14 16:00:00","00:0f:00:70:91:0a","0.0046077247","0.0042776084","76.9","73.7","0.0072579879","0.0068778814","0.0192938133","0.0182164958","19.8","19.2"
"2020-07-14 16:00:00","1c:bf:ce:15:ec:4d","0.0048870937","0.0045691887","61.2","59.1","0.0075734509","0.0072140794","0.0201910294","0.0191691322","25.7","25.4"
"2020-07-14 16:00:00","b8:27:eb:bf:9d:51","0.0049939821","0.0049385619","52.6","49.0","0.0076932561","0.0076313980","0.0205322224","0.0203559252","23.2","22.2"
"2020-07-14 17:00:00","00:0f:00:70:91:0a","0.0048445400","0.0045341175","75.8","74.7","0.0075259890","0.0071738254","0.0200557435","0.0190549771","19.7","19.1"
"2020-07-14 17:00:00","1c:bf:ce:15:ec:4d","0.0046746588","0.0045824317","61.8","54.5","0.0073341673","0.0072291842","0.0195101735","0.0192120153","26.1","25.6"
"2020-07-14 17:00:00","b8:27:eb:bf:9d:51","0.0050541216","0.0049634117","51.9","49.0","0.0077601659","0.0076591576","0.0207230266","0.0204350289","23.1","22.4"
"2020-07-14 18:00:00","00:0f:00:70:91:0a","0.0048711874","0.0032528292","77.0","65.7","0.0075559318","0.0056417924","0.0201409795","0.0147421325","20.0","19.1"
"2020-07-14 18:00:00","1c:bf:ce:15:ec:4d","0.0048103907","0.0046517257","55.2","53.2","0.0074876008","0.0073081137","0.0199464747","0.0194361538","26.5","26.0"
"2020-07-14 18:00:00","b8:27:eb:bf:9d:51","0.0050765323","0.0048644504","51.7","49.2","0.0077850407","0.0075483822","0.0207939910","0.0201194780","22.9","22.3"
"2020-07-14 19:00:00","00:0f:00:70:91:0a","0.0050543502","0.0030033173","77.2","50.8","0.0077602316","0.0053253640","0.0207233101","0.0138606087","20.2","19.3"
"2020-07-14 19:00:00","1c:bf:ce:15:ec:4d","0.0048861190","0.0046223343","55.5","51.5","0.0075726462","0.0072746821","0.0201885915","0.0193411933","26.8","26.5"
"2020-07-14 19:00:00","b8:27:eb:bf:9d:51","0.0051317633","0.0049038343","51.6","49.0","0.0078462190","0.0075925391","0.0209685883","0.0202452257","23.0","22.3"
"2020-07-14 20:00:00","00:0f:00:70:91:0a","0.0050520958","0.0029954322","74.9","74.0","0.0077565126","0.0053152380","0.0207133230","0.0138324620","19.9","19.1"
"2020-07-14 20:00:00","1c:bf:ce:15:ec:4d","0.0047283903","0.0046270914","55.7","48.0","0.0073950562","0.0072801047","0.0196832401","0.0193565900","27.3","26.8"
"2020-07-14 20:00:00","b8:27:eb:bf:9d:51","0.0052138195","0.0051394330","51.2","48.2","0.0079367814","0.0078546992","0.0212272126","0.0209927978","23.2","22.6"
"2020-07-14 21:00:00","00:0f:00:70:91:0a","0.0037559911","0.0031837230","74.9","71.4","0.0062604919","0.0055548349","0.0164752462","0.0144995429","20.1","19.1"
"2020-07-14 21:00:00","1c:bf:ce:15:ec:4d","0.0047333717","0.0046244298","69.0","47.1","0.0074006893","0.0072770605","0.0196992573","0.0193479516","27.3","21.1"
"2020-07-14 21:00:00","b8:27:eb:bf:9d:51","0.0053167297","0.0052068563","50.2","47.0","0.0080498013","0.0079291138","0.0215502536","0.0212053067","23.2","22.5"
"2020-07-14 22:00:00","00:0f:00:70:91:0a","0.0041639760","0.0037446280","73.3","71.4","0.0067453585","0.0062467963","0.0178417468","0.0164367444","19.5","18.9"
"2020-07-14 22:00:00","1c:bf:ce:15:ec:4d","0.0047891699","0.0046383061","52.4","47.1","0.0074636697","0.0072928337","0.0198783957","0.0193927598","27.3","21.1"
"2020-07-14 22:00:00","b8:27:eb:bf:9d:51","0.0053516822","0.0047452748","48.8","46.8","0.0080880476","0.0074051101","0.0216596430","0.0197164158","23.1","22.2"
"2020-07-14 23:00:00","00:0f:00:70:91:0a","0.0045895169","0.0041583076","73.9","69.9","0.0072372719","0.0067387059","0.0192349735","0.0178229555","19.6","18.9"
"2020-07-14 23:00:00","1c:bf:ce:15:ec:4d","0.0050471332","0.0047398490","51.7","48.7","0.0077523762","0.0074079977","0.0207008205","0.0197200464","27.3","26.7"
"2020-07-14 23:00:00","b8:27:eb:bf:9d:51","0.0053446121","0.0050734943","49.5","47.2","0.0080803203","0.0077762155","0.0216375372","0.0207716106","23.4","22.7"
"2020-07-15 00:00:00","00:0f:00:70:91:0a","0.0048863787","0.0045595943","74.0","73.1","0.0075729718","0.0072030367","0.0201895012","0.0191378318","22.5","18.9"
"2020-07-15 00:00:00","1c:bf:ce:15:ec:4d","0.0048709965","0.0047480295","52.8","51.7","0.0075557315","0.0074172436","0.0201404021","0.0197463387","26.7","26.3"
"2020-07-15 00:00:00","b8:27:eb:bf:9d:51","0.0053532904","0.0051602958","49.3","46.9","0.0080898061","0.0078759013","0.0216646730","0.0210542769","23.2","22.6"
"2020-07-15 01:00:00","00:0f:00:70:91:0a","0.0050161986","0.0048743359","74.3","72.8","0.0077178274","0.0075594669","0.0206023658","0.0201510439","19.2","18.9"
"2020-07-15 01:00:00","1c:bf:ce:15:ec:4d","0.0048166979","0.0045676511","62.7","52.8","0.0074947035","0.0072123297","0.0199666855","0.0191641625","26.6","24.4"
"2020-07-15 01:00:00","b8:27:eb:bf:9d:51","0.0053493486","0.0050925527","68.5","46.6","0.0080854981","0.0078000070","0.0216523490","0.0208381230","23.4","22.5"
"2020-07-15 02:00:00","00:0f:00:70:91:0a","0.0052704225","0.0049539545","74.2","71.2","0.0079989936","0.0076486052","0.0214050067","0.0204049526","19.7","18.9"
"2020-07-15 02:00:00","1c:bf:ce:15:ec:4d","0.0047287130","0.0043472597","55.1","52.7","0.0073950365","0.0069588727","0.0196833792","0.0184456441","26.9","26.3"
"2020-07-15 02:00:00","b8:27:eb:bf:9d:51","0.0053482655","0.0051040058","63.6","46.7","0.0080843134","0.0078111157","0.0216489604","0.0208706388","23.1","22.2"
"2020-07-15 03:00:00","00:0f:00:70:91:0a","0.0049587167","0.0037508585","74.8","73.0","0.0076539076","0.0062542963","0.0204200712","0.0164578334","20.2","19.0"
"2020-07-15 03:00:00","1c:bf:ce:15:ec:4d","0.0043523793","0.0042239110","53.4","52.6","0.0069647982","0.0068154605","0.0184624230","0.0180398792","26.9","26.3"
"2020-07-15 03:00:00","b8:27:eb:bf:9d:51","0.0053362715","0.0052408307","48.8","47.5","0.0080711942","0.0079665055","0.0216114350","0.0213121416","23.1","22.3"
"2020-07-15 04:00:00","00:0f:00:70:91:0a","0.0037543678","0.0030197136","74.9","72.9","0.0062585354","0.0053463829","0.0164697459","0.0139190522","19.9","19.4"
"2020-07-15 04:00:00","1c:bf:ce:15:ec:4d","0.0043199019","0.0040847684","54.3","53.3","0.0069271518","0.0066523025","0.0183558505","0.0175789466","26.5","26.0"
"2020-07-15 04:00:00","b8:27:eb:bf:9d:51","0.0053415867","0.0052090851","66.3","46.7","0.0080770081","0.0079315673","0.0216280647","0.0212123167","23.1","22.4"
"2020-07-15 05:00:00","00:0f:00:70:91:0a","0.0050316770","0.0027917416","75.1","73.3","0.0077277027","0.0050511102","0.0206343077","0.0130995526","20.2","19.5"
"2020-07-15 05:00:00","1c:bf:ce:15:ec:4d","0.0041012940","0.0040398290","54.8","53.6","0.0066717413","0.0065992758","0.0176338318","0.0174293095","26.0","25.5"
"2020-07-15 05:00:00","b8:27:eb:bf:9d:51","0.0053192995","0.0052299418","50.2","47.2","0.0080526167","0.0079545288","0.0215583042","0.0212779182","22.9","22.3"
"2020-07-15 06:00:00","00:0f:00:70:91:0a","0.0028046417","0.0025771198","75.3","73.8","0.0050680999","0.0047672069","0.0131465659","0.0123145643","20.3","19.5"
"2020-07-15 06:00:00","1c:bf:ce:15:ec:4d","0.0040648520","0.0040191739","54.7","54.1","0.0066288141","0.0065748436","0.0175126581","0.0173603940","25.5","25.0"
"2020-07-15 06:00:00","b8:27:eb:bf:9d:51","0.0052311151","0.0051538423","50.6","47.5","0.0079558164","0.0078706322","0.0212815990","0.0210382833","22.7","22.2"
"2020-07-15 07:00:00","00:0f:00:70:91:0a","0.0026514998","0.0025955851","75.8","72.5","0.0048661965","0.0047918838","0.0125879733","0.0123826714","20.2","19.5"
"2020-07-15 07:00:00","1c:bf:ce:15:ec:4d","0.0040868324","0.0040369200","54.9","54.4","0.0066547367","0.0065958298","0.0175858162","0.0174195975","25.0","24.6"
"2020-07-15 07:00:00","b8:27:eb:bf:9d:51","0.0051571916","0.0050879071","51.0","48.0","0.0078743318","0.0077976616","0.0210488468","0.0208299992","22.6","22.1"
"2020-07-15 08:00:00","00:0f:00:70:91:0a","0.0027625118","0.0026074043","75.8","73.0","0.0050127187","0.0048076982","0.0129932657","0.0124263091","20.3","19.5"
"2020-07-15 08:00:00","1c:bf:ce:15:ec:4d","0.0041688270","0.0039794623","55.1","54.6","0.0067508841","0.0065277830","0.0178574387","0.0172276950","24.6","24.0"
"2020-07-15 08:00:00","b8:27:eb:bf:9d:51","0.0051062096","0.0050641118","51.3","50.3","0.0078179397","0.0077712638","0.0208878684","0.0207546828","22.4","22.1"
"2020-07-15 09:00:00","00:0f:00:70:91:0a","0.0028441297","0.0027108628","76.3","52.8","0.0051196374","0.0049446890","0.0132894088","0.0128050207","20.3","19.8"
"2020-07-15 09:00:00","1c:bf:ce:15:ec:4d","0.0040495980","0.0040075760","56.4","55.0","0.0066108145","0.0065611242","0.0174618649","0.0173216963","24.2","23.7"
"2020-07-15 09:00:00","b8:27:eb:bf:9d:51","0.0050665134","0.0050287471","55.3","51.0","0.0077739273","0.0077319608","0.0207622825","0.0206425820","22.4","22.3"
"2020-07-15 10:00:00","00:0f:00:70:91:0a","0.0029382609","0.0028306361","76.1","52.8","0.0052416240","0.0051020411","0.0136279382","0.0132406311","19.9","19.7"
"2020-07-15 10:00:00","1c:bf:ce:15:ec:4d","0.0040564347","0.0040269491","55.5","55.2","0.0066188899","0.0065840440","0.0174846487","0.0173863438","23.8","23.6"
"2020-07-15 10:00:00","b8:27:eb:bf:9d:51","0.0050356232","0.0049958878","56.0","50.2","0.0077396068","0.0076953800","0.0206643880","0.0205382771","22.3","21.9"
"2020-07-15 11:00:00","00:0f:00:70:91:0a","0.0029886373","0.0028341808","76.3","53.7","0.0053065102","0.0051066695","0.0138082029","0.0132534582","20.2","19.6"
"2020-07-15 11:00:00","1c:bf:ce:15:ec:4d","0.0040731619","0.0039764473","55.5","55.1","0.0066386151","0.0065242028","0.0175403179","0.0172176034","24.0","23.6"
"2020-07-15 11:00:00","b8:27:eb:bf:9d:51","0.0050298768","0.0049961786","53.6","50.2","0.0077332153","0.0076956986","0.0206461606","0.0205391882","22.3","21.8"
"2020-07-15 12:00:00","00:0f:00:70:91:0a","0.0028472558","0.0026777496","76.3","69.6","0.0051237055","0.0049009915","0.0133006901","0.0126841459","20.1","19.5"
"2020-07-15 12:00:00","1c:bf:ce:15:ec:4d","0.0040743868","0.0039457048","66.1","55.0","0.0066400619","0.0064876821","0.0175444000","0.0171146690","24.8","24.0"
"2020-07-15 12:00:00","b8:27:eb:bf:9d:51","0.0050210445","0.0049879448","53.2","50.1","0.0077233925","0.0076865267","0.0206181473","0.0205130388","22.6","22.0"
"2020-07-15 13:00:00","00:0f:00:70:91:0a","0.0027496100","0.0026012178","76.2","73.0","0.0049956978","0.0047994269","0.0129461805","0.0124034826","19.8","19.4"
"2020-07-15 13:00:00","1c:bf:ce:15:ec:4d","0.0040886168","0.0039783334","66.2","62.3","0.0066568388","0.0065264389","0.0175917499","0.0172239081","25.6","24.8"
"2020-07-15 13:00:00","b8:27:eb:bf:9d:51","0.0050024707","0.0049744651","53.3","49.5","0.0077027102","0.0076714971","0.0205591774","0.0204701958","22.9","22.1"
"2020-07-15 14:00:00","00:0f:00:70:91:0a","0.0028400886","0.0026515345","76.3","74.0","0.0051143834","0.0048662111","0.0132748367","0.0125880292","19.7","19.3"
"2020-07-15 14:00:00","1c:bf:ce:15:ec:4d","0.0040430906","0.0038973795","62.4","57.7","0.0066031347","0.0064301114","0.0174401937","0.0169524863","26.3","25.3"
"2020-07-15 14:00:00","b8:27:eb:bf:9d:51","0.0050683956","0.0049742765","54.7","50.0","0.0077760178","0.0076712883","0.0207682456","0.0204695998","23.1","22.2"
"2020-07-15 15:00:00","00:0f:00:70:91:0a","0.0028295858","0.0025057554","75.0","73.9","0.0051006698","0.0046713290","0.0132368305","0.0120501952","19.7","19.2"
"2020-07-15 15:00:00","1c:bf:ce:15:ec:4d","0.0041520496","0.0038697246","57.8","51.5","0.0067310421","0.0063970710","0.0178014688","0.0168594557","27.3","26.4"
"2020-07-15 15:00:00","b8:27:eb:bf:9d:51","0.0050758076","0.0050153251","53.6","50.0","0.0077842406","0.0077170264","0.0207917062","0.0205999949","23.0","22.2"
"2020-07-15 16:00:00","00:0f:00:70:91:0a","0.0034047709","0.0024735163","75.2","71.6","0.0057693169","0.0046278220","0.0151290189","0.0119303265","19.9","19.1"
"2020-07-15 16:00:00","1c:bf:ce:15:ec:4d","0.0039955160","0.0039224263","56.5","53.8","0.0065468250","0.0064599736","0.0172813800","0.0170365994","27.5","26.6"
"2020-07-15 16:00:00","b8:27:eb:bf:9d:51","0.0050363372","0.0050073500","52.9","50.0","0.0077404042","0.0077081481","0.0206666604","0.0205746796","22.9","22.3"
"2020-07-15 17:00:00","00:0f:00:70:91:0a","0.0029760447","0.0024735163","74.8","74.0","0.0052477961","0.0046278220","0.0136656318","0.0119303265","19.5","19.1"
"2020-07-15 17:00:00","1c:bf:ce:15:ec:4d","0.0039271102","0.0038060187","57.5","56.3","0.0064655568","0.0063207079","0.0170523262","0.0166445695","28.0","26.9"
"2020-07-15 17:00:00","b8:27:eb:bf:9d:51","0.0050638417","0.0050232308","52.5","49.3","0.0077709622","0.0077258270","0.0207538233","0.0206250887","22.9","22.4"
"2020-07-15 18:00:00","00:0f:00:70:91:0a","0.0028465391","0.0026088237","74.9","74.2","0.0051227733","0.0048095627","0.0132981047","0.0124314709","19.8","19.0"
"2020-07-15 18:00:00","1c:bf:ce:15:ec:4d","0.0039282515","0.0037525207","57.6","47.7","0.0064668917","0.0062563131","0.0170560992","0.0164634964","28.8","27.9"
"2020-07-15 18:00:00","b8:27:eb:bf:9d:51","0.0050964861","0.0050526459","52.0","49.4","0.0078071673","0.0077585272","0.0208571260","0.0207183520","23.0","22.4"
"2020-07-15 19:00:00","00:0f:00:70:91:0a","0.0030056245","0.0026287183","75.0","74.2","0.0053283296","0.0048360621","0.0138688507","0.0125046513","19.1","18.8"
"2020-07-15 19:00:00","1c:bf:ce:15:ec:4d","0.0039569330","0.0036356614","51.8","48.7","0.0065008897","0.0061146858","0.0171519607","0.0160657379","29.2","28.8"
"2020-07-15 19:00:00","b8:27:eb:bf:9d:51","0.0051249468","0.0050806590","51.7","48.4","0.0078386830","0.0077896226","0.0209470739","0.0208070618","23.4","22.3"
"2020-07-15 20:00:00","00:0f:00:70:91:0a","0.0030578448","0.0027106828","75.1","73.8","0.0053950926","0.0049445102","0.0140545753","0.0128044972","19.1","18.9"
"2020-07-15 20:00:00","1c:bf:ce:15:ec:4d","0.0039769998","0.0037610379","50.8","48.1","0.0065248219","0.0062665793","0.0172193671","0.0164923570","29.5","29.2"
"2020-07-15 20:00:00","b8:27:eb:bf:9d:51","0.0051164191","0.0050688110","51.7","48.6","0.0078292452","0.0077764782","0.0209201350","0.0207695595","24.1","23.3"
"2020-07-15 21:00:00","00:0f:00:70:91:0a","0.0037946692","0.0030382523","74.0","73.1","0.0063069756","0.0053701065","0.0166059909","0.0139850367","19.4","18.7"
"2020-07-15 21:00:00","1c:bf:ce:15:ec:4d","0.0039382174","0.0037157140","53.0","50.6","0.0064781593","0.0062118480","0.0170881440","0.0163385454","30.0","29.6"
"2020-07-15 21:00:00","b8:27:eb:bf:9d:51","0.0051926100","0.0050637309","48.6","46.4","0.0079134138","0.0077708408","0.0211604597","0.0207534761","24.1","23.6"
"2020-07-15 22:00:00","00:0f:00:70:91:0a","0.0078552616","0.0038808062","73.8","72.0","0.0106760202","0.0064102462","0.0291365547","0.0168965851","23.5","18.6"
"2020-07-15 22:00:00","1c:bf:ce:15:ec:4d","0.0038141335","0.0037452835","53.8","51.1","0.0063304584","0.0062475856","0.0166719957","0.0164389637","30.0","21.0"
"2020-07-15 22:00:00","b8:27:eb:bf:9d:51","0.0057890535","0.0051860078","65.9","46.2","0.0085609956","0.0079061319","0.0230151936","0.0211396619","23.7","23.1"
"2020-07-15 23:00:00","00:0f:00:70:91:0a","0.0070149774","0.0048788496","74.1","73.0","0.0097891904","0.0075318251","0.0265841582","0.0200890413","24.6","18.6"
"2020-07-15 23:00:00","1c:bf:ce:15:ec:4d","0.0040857436","0.0037441560","56.3","52.7","0.0066524540","0.0062462152","0.0175798743","0.0164351168","29.9","21.7"
"2020-07-15 23:00:00","b8:27:eb:bf:9d:51","0.0058032617","0.0056652424","48.0","46.5","0.0085761915","0.0084281493","0.0230588332","0.0226339043","23.3","22.8"
"2020-07-16 00:00:00","00:0f:00:70:91:0a","0.0079393787","0.0049483042","74.5","72.2","0.0107585452","0.0076214575","0.0293772263","0.0203382315","19.5","18.6"
"2020-07-16 00:00:00","1c:bf:ce:15:ec:4d","0.0040780009","0.0038170455","55.6","54.0","0.0066441372","0.0063339568","0.0175559950","0.0166818363","29.5","29.0"
"2020-07-16 00:00:00","b8:27:eb:bf:9d:51","0.0056641495","0.0055189484","48.4","46.6","0.0084269711","0.0082701405","0.0226305256","0.0221809282","23.3","22.7"
"2020-07-16 01:00:00","00:0f:00:70:91:0a","0.0070371306","0.0041463098","75.8","49.3","0.0098596023","0.0067246335","0.0267628198","0.0177832021","18.9","18.6"
"2020-07-16 01:00:00","1c:bf:ce:15:ec:4d","0.0039167300","0.0038342414","55.7","55.0","0.0064531881","0.0063545731","0.0170174837","0.0167398487","28.9","28.3"
"2020-07-16 01:00:00","b8:27:eb:bf:9d:51","0.0055244209","0.0054410857","48.6","46.5","0.0082760637","0.0081855671","0.0221979021","0.0219387186","23.2","22.5"
"2020-07-16 02:00:00","00:0f:00:70:91:0a","0.0041672037","0.0039347558","75.6","49.1","0.0067490571","0.0064746407","0.0178522389","0.0170779289","19.5","18.6"
"2020-07-16 02:00:00","1c:bf:ce:15:ec:4d","0.0038988524","0.0038180151","55.8","54.1","0.0064318700","0.0063351203","0.0169574386","0.0166851097","28.3","27.6"
"2020-07-16 02:00:00","b8:27:eb:bf:9d:51","0.0054380102","0.0053972567","48.7","46.4","0.0081822227","0.0081378121","0.0219291425","0.0218020291","23.3","22.4"
"2020-07-16 03:00:00","00:0f:00:70:91:0a","0.0041928739","0.0039968333","74.9","72.3","0.0067791521","0.0065482676","0.0179372624","0.0172855072","19.5","18.7"
"2020-07-16 03:00:00","1c:bf:ce:15:ec:4d","0.0039005384","0.0038232259","55.6","54.4","0.0064338796","0.0063413702","0.0169630992","0.0167026949","27.6","26.9"
"2020-07-16 03:00:00","b8:27:eb:bf:9d:51","0.0054147645","0.0053767208","48.4","46.3","0.0081569007","0.0081154051","0.0218566602","0.0217379097","23.2","22.4"
"2020-07-16 04:00:00","00:0f:00:70:91:0a","0.0041706386","0.0039127589","75.1","73.4","0.0067531307","0.0064484502","0.0178637241","0.0170041400","19.8","18.7"
"2020-07-16 04:00:00","1c:bf:ce:15:ec:4d","0.0038988524","0.0038347283","56.2","55.3","0.0064318700","0.0063551603","0.0169574386","0.0167414992","27.1","26.5"
"2020-07-16 04:00:00","b8:27:eb:bf:9d:51","0.0054033769","0.0053659650","66.9","46.5","0.0081444885","0.0081036530","0.0218211351","0.0217042883","23.2","22.4"
"2020-07-16 05:00:00","00:0f:00:70:91:0a","0.0045482103","0.0040321723","74.5","72.6","0.0071900008","0.0065900553","0.0191008483","0.0174033835","19.7","19.0"
"2020-07-16 05:00:00","1c:bf:ce:15:ec:4d","0.0039581766","0.0038961014","56.0","55.3","0.0065025179","0.0064285841","0.0171564740","0.0169481863","26.5","26.1"
"2020-07-16 05:00:00","b8:27:eb:bf:9d:51","0.0054457114","0.0053797674","65.9","46.5","0.0081905940","0.0081187306","0.0219531139","0.0217474252","23.1","22.3"
"2020-07-16 06:00:00","00:0f:00:70:91:0a","0.0045911418","0.0041732554","73.6","71.5","0.0072391237","0.0067562254","0.0192402316","0.0178724537","19.8","19.3"
"2020-07-16 06:00:00","1c:bf:ce:15:ec:4d","0.0039577365","0.0039251469","55.7","55.3","0.0065019957","0.0064632201","0.0171550019","0.0170457424","26.1","25.2"
"2020-07-16 06:00:00","b8:27:eb:bf:9d:51","0.0055778318","0.0054303474","50.5","46.2","0.0083338736","0.0081738761","0.0223635680","0.0219052507","22.9","22.2"
"2020-07-16 07:00:00","00:0f:00:70:91:0a","0.0042062931","0.0039756269","73.8","71.5","0.0067947376","0.0065231596","0.0179813675","0.0172146975","19.4","19.2"
"2020-07-16 07:00:00","1c:bf:ce:15:ec:4d","0.0039274836","0.0038996877","55.8","55.4","0.0064660004","0.0064328666","0.0170535766","0.0169602454","25.6","25.3"
"2020-07-16 07:00:00","b8:27:eb:bf:9d:51","0.0070111612","0.0055892732","49.0","46.2","0.0098332575","0.0083462412","0.0266864462","0.0223990182","22.7","22.2"
"2020-07-16 08:00:00","00:0f:00:70:91:0a","0.0041412083","0.0037819464","74.1","70.9","0.0067186461","0.0062916614","0.0177662899","0.0165629285","19.5","19.1"
"2020-07-16 08:00:00","1c:bf:ce:15:ec:4d","0.0039090361","0.0038647278","55.7","54.7","0.0064440161","0.0063910952","0.0169916483","0.0168426330","25.3","25.0"
"2020-07-16 08:00:00","b8:27:eb:bf:9d:51","0.0064879452","0.0063351791","49.2","46.6","0.0092967770","0.0091379032","0.0251341529","0.0246756139","22.6","22.0"
"2020-07-16 09:00:00","00:0f:00:70:91:0a","0.0038308558","0.0035178329","74.2","72.5","0.0063504298","0.0059706976","0.0167282321","0.0156619450","19.7","19.1"
"2020-07-16 09:00:00","1c:bf:ce:15:ec:4d","0.0039010333","0.0038707616","55.5","55.1","0.0064344706","0.0063983082","0.0169647634","0.0168629402","25.0","24.7"
"2020-07-16 09:00:00","b8:27:eb:bf:9d:51","0.0063461492","0.0062467136","49.6","47.1","0.0091493446","0.0090454131","0.0247086192","0.0244089221","22.5","22.0"
"2020-07-16 10:00:00","00:0f:00:70:91:0a","0.0035378839","0.0030425490","74.2","72.1","0.0059953230","0.0053756013","0.0157309417","0.0140003215","19.7","19.1"
"2020-07-16 10:00:00","1c:bf:ce:15:ec:4d","0.0039360687","0.0038882473","55.5","55.0","0.0064762217","0.0064192080","0.0170823741","0.0169217824","24.7","24.3"
"2020-07-16 10:00:00","b8:27:eb:bf:9d:51","0.0062538795","0.0062059572","49.7","47.4","0.0090529212","0.0090026865","0.0244305631","0.0242857812","22.4","21.8"
"2020-07-16 11:00:00","00:0f:00:70:91:0a","0.0030382586","0.0028400886","74.3","72.9","0.0053701127","0.0051143834","0.0139850548","0.0132748367","19.3","19.1"
"2020-07-16 11:00:00","1c:bf:ce:15:ec:4d","0.0039532205","0.0038981152","55.4","55.1","0.0064966244","0.0064309900","0.0171398661","0.0169549605","25.0","24.6"
"2020-07-16 11:00:00","b8:27:eb:bf:9d:51","0.0062102658","0.0060460311","49.9","47.6","0.0090072064","0.0088342515","0.0242988065","0.0238007412","22.6","21.8"
"2020-07-16 12:00:00","00:0f:00:70:91:0a","0.0028465391","0.0026322374","74.1","71.6","0.0051227733","0.0048407091","0.0132981047","0.0125175044","19.5","19.1"
"2020-07-16 12:00:00","1c:bf:ce:15:ec:4d","0.0039262342","0.0038691118","56.4","55.0","0.0064645135","0.0063963381","0.0170493871","0.0168573925","25.4","24.9"
"2020-07-16 12:00:00","b8:27:eb:bf:9d:51","0.0060657435","0.0060255212","50.1","47.5","0.0088550645","0.0088125641","0.0238606495","0.0237383327","22.9","22.1"
"2020-07-16 13:00:00","00:0f:00:70:91:0a","0.0026616032","0.0024844678","73.5","72.5","0.0048796913","0.0046425881","0.0126252223","0.0119710158","19.6","18.9"
"2020-07-16 13:00:00","1c:bf:ce:15:ec:4d","0.0039186049","0.0038090373","57.3","55.6","0.0064554218","0.0063243362","0.0170237763","0.0166547746","26.0","25.2"
"2020-07-16 13:00:00","b8:27:eb:bf:9d:51","0.0062613378","0.0061694345","51.3","47.8","0.0090607316","0.0089641307","0.0244530776","0.0241747986","22.9","22.0"
"2020-07-16 14:00:00","00:0f:00:70:91:0a","0.0030395913","0.0024871110","72.9","70.3","0.0052954738","0.0046461829","0.0138137044","0.0119809064","19.2","19.0"
"2020-07-16 14:00:00","1c:bf:ce:15:ec:4d","0.0038511339","0.0037448205","58.5","57.3","0.0063748180","0.0062470275","0.0167968199","0.0164373946","26.3","26.0"
"2020-07-16 14:00:00","b8:27:eb:bf:9d:51","0.0063090756","0.0062453445","51.6","48.6","0.0091106479","0.0090439798","0.0245970059","0.0244047901","22.5","21.8"
"2020-07-16 15:00:00","00:0f:00:70:91:0a","0.0028481517","0.0026044413","72.8","71.2","0.0051248708","0.0048037422","0.0133039217","0.0124153890","19.9","19.0"
"2020-07-16 15:00:00","1c:bf:ce:15:ec:4d","0.0037773075","0.0036984667","58.9","57.9","0.0062861859","0.0061909918","0.0165474778","0.0162799475","26.6","26.3"
"2020-07-16 15:00:00","b8:27:eb:bf:9d:51","0.0063337640","0.0061671026","51.7","48.7","0.0091364277","0.0089618773","0.0246713574","0.0241682056","22.4","21.8"
"2020-07-16 16:00:00","00:0f:00:70:91:0a","0.0030470000","0.0028400886","73.2","72.0","0.0053812772","0.0051143834","0.0140161183","0.0132748367","19.9","19.0"
"2020-07-16 16:00:00","1c:bf:ce:15:ec:4d","0.0037363461","0.0036342053","61.3","58.8","0.0062367910","0.0061129844","0.0164086285","0.0160609276","26.7","26.5"
"2020-07-16 16:00:00","b8:27:eb:bf:9d:51","0.0062389463","0.0061694783","52.0","49.2","0.0090372748","0.0089643736","0.0243854648","0.0241753971","22.3","21.6"
"2020-07-16 17:00:00","00:0f:00:70:91:0a","0.0033831786","0.0030354247","74.2","71.3","0.0058039219","0.0053664787","0.0151953682","0.0139749510","20.7","19.0"
"2020-07-16 17:00:00","1c:bf:ce:15:ec:4d","0.0036885525","0.0036122189","62.9","61.0","0.0061789738","0.0060862116","0.0162461963","0.0159858001","26.7","26.1"
"2020-07-16 17:00:00","b8:27:eb:bf:9d:51","0.0062217511","0.0061636486","52.4","49.4","0.0090192502","0.0089582431","0.0243335157","0.0241577384","22.2","21.6"
"2020-07-16 18:00:00","00:0f:00:70:91:0a","0.0033027869","0.0024120953","77.6","73.2","0.0057041816","0.0045443201","0.0149164171","0.0117005678","19.7","19.2"
"2020-07-16 18:00:00","1c:bf:ce:15:ec:4d","0.0037271098","0.0036184253","63.2","61.7","0.0062256133","0.0060937758","0.0163772279","0.0160070226","26.5","25.7"
"2020-07-16 18:00:00","b8:27:eb:bf:9d:51","0.0063404107","0.0061768309","52.8","50.0","0.0091433610","0.0089721020","0.0246913575","0.0241976605","22.1","21.5"
"2020-07-16 19:00:00","00:0f:00:70:91:0a","0.0023798020","0.0018463843","81.2","71.0","0.0045002940","0.0037454805","0.0115794890","0.0095174327","19.8","19.3"
"2020-07-16 19:00:00","1c:bf:ce:15:ec:4d","0.0037547966","0.0036112475","62.9","61.6","0.0062590247","0.0060850142","0.0164711352","0.0159824472","26.2","25.5"
"2020-07-16 19:00:00","b8:27:eb:bf:9d:51","0.0062205689","0.0061750670","52.6","49.5","0.0090180114","0.0089702472","0.0243299451","0.0241923178","22.2","21.3"
"2020-07-16 20:00:00","00:0f:00:70:91:0a","0.0020813302","0.0017338672","81.4","71.1","0.0040844828","0.0035788798","0.0104403537","0.0090659518","20.3","19.3"
"2020-07-16 20:00:00","1c:bf:ce:15:ec:4d","0.0039746442","0.0036334785","89.7","62.5","0.0065218707","0.0061120967","0.0172111258","0.0160584381","25.9","24.0"
"2020-07-16 20:00:00","b8:27:eb:bf:9d:51","0.0061963071","0.0061503716","52.3","49.3","0.0089925495","0.0089442761","0.0242565762","0.0241175095","22.2","21.3"
"2020-07-16 21:00:00","00:0f:00:70:91:0a","0.0026321485","0.0019759599","76.3","72.6","0.0048406081","0.0039338535","0.0125172169","0.0100295874","20.5","19.7"
"2020-07-16 21:00:00","1c:bf:ce:15:ec:4d","0.0041102745","0.0038647468","90.9","89.2","0.0066822050","0.0063910915","0.0176634262","0.0168426358","24.2","23.5"
"2020-07-16 21:00:00","b8:27:eb:bf:9d:51","0.0071228000","0.0061716548","52.5","49.6","0.0099463087","0.0089666623","0.0270142856","0.0241819898","22.4","21.5"
"2020-07-16 22:00:00","00:0f:00:70:91:0a","0.0032346312","0.0027764294","75.0","73.8","0.0056190054","0.0050308532","0.0146785069","0.0130435432","19.8","19.4"
"2020-07-16 22:00:00","1c:bf:ce:15:ec:4d","0.0042717385","0.0040427784","91.0","53.7","0.0068711254","0.0066027610","0.0181973460","0.0174391419","24.0","23.2"
"2020-07-16 22:00:00","b8:27:eb:bf:9d:51","0.0075865776","0.0034051937","53.4","50.5","0.0104106958","0.0058189989","0.0283636762","0.0152435831","22.2","21.2"
"2020-07-16 23:00:00","00:0f:00:70:91:0a","0.0030606285","0.0023224673","75.2","73.2","0.0053986759","0.0044215177","0.0140645314","0.0113631422","19.9","19.4"
"2020-07-16 23:00:00","1c:bf:ce:15:ec:4d","0.0044195403","0.0040815048","91.0","53.2","0.0070419341","0.0066484530","0.0186811451","0.0175680828","23.7","23.4"
"2020-07-16 23:00:00","b8:27:eb:bf:9d:51","0.0075875324","0.0034086220","52.6","49.7","0.0104116380","0.0058217651","0.0283664210","0.0152520459","22.2","21.4"
"2020-07-17 00:00:00","00:0f:00:70:91:0a","0.0023333116","0.0019469295","75.0","73.5","0.0044365145","0.0038919519","0.0114042810","0.0099155178","20.0","19.5"
"2020-07-17 00:00:00","1c:bf:ce:15:ec:4d","0.0043996182","0.0041770324","91.0","55.5","0.0070192391","0.0067606646","0.0186166981","0.0178849895","23.9","23.0"
"2020-07-17 00:00:00","b8:27:eb:bf:9d:51","0.0071037270","0.0066749455","53.4","49.6","0.0099270303","0.0094898581","0.0269583612","0.0256921364","22.4","21.5"
"2020-07-17 01:00:00","00:0f:00:70:91:0a","0.0019517792","0.0018581307","75.1","72.5","0.0038989694","0.0037627149","0.0099346131","0.0095642133","20.1","19.6"
"2020-07-17 01:00:00","1c:bf:ce:15:ec:4d","0.0042426276","0.0039115118","86.4","80.6","0.0068373018","0.0064469635","0.0181016356","0.0169999523","24.0","23.9"
"2020-07-17 01:00:00","b8:27:eb:bf:9d:51","0.0066640028","0.0063833712","51.9","49.1","0.0094785976","0.0091881272","0.0256595752","0.0248205155","22.3","21.6"
"2020-07-17 02:00:00","00:0f:00:70:91:0a","0.0019446078","0.0017337621","75.2","73.6","0.0038885835","0.0035787611","0.0099063562","0.0090656122","20.1","19.5"
"2020-07-17 02:00:00","1c:bf:ce:15:ec:4d","0.0040085133","0.0036112224","83.0","80.9","0.0065622199","0.0060847092","0.0173247935","0.0159817292","24.0","23.9"
"2020-07-17 02:00:00","b8:27:eb:bf:9d:51","0.0063988899","0.0062151495","51.8","49.0","0.0092042908","0.0090123287","0.0248671541","0.0243135679","22.5","21.7"
"2020-07-17 03:00:00","00:0f:00:70:91:0a","0.0017632651","0.0017065318","75.3","72.7","0.0036224946","0.0035380125","0.0091841042","0.0089553935","20.0","19.5"
"2020-07-17 03:00:00","1c:bf:ce:15:ec:4d","0.0039466425","0.0037815370","81.0","77.1","0.0064884526","0.0062912765","0.0171170130","0.0165617922","24.0","23.8"
"2020-07-17 03:00:00","b8:27:eb:bf:9d:51","0.0062202852","0.0061266172","51.6","48.6","0.0090177095","0.0089192712","0.0243290774","0.0240454965","22.6","21.9"
"2020-07-17 04:00:00","00:0f:00:70:91:0a","0.0017263434","0.0016360679","75.4","72.7","0.0035676767","0.0034317489","0.0090356222","0.0086683629","20.0","19.6"
"2020-07-17 04:00:00","1c:bf:ce:15:ec:4d","0.0038859280","0.0037151923","80.1","79.2","0.0064164045","0.0062112219","0.0169139052","0.0163367838","23.9","23.7"
"2020-07-17 04:00:00","b8:27:eb:bf:9d:51","0.0061427158","0.0060252764","51.4","48.7","0.0089362211","0.0088123058","0.0240943095","0.0237375891","22.5","21.9"
"2020-07-17 05:00:00","00:0f:00:70:91:0a","0.0016443114","0.0016010690","75.6","74.9","0.0034442353","0.0033784451","0.0087020638","0.0085246361","20.0","19.6"
"2020-07-17 05:00:00","1c:bf:ce:15:ec:4d","0.0038241113","0.0036623145","79.3","78.4","0.0063423831","0.0061471530","0.0167055697","0.0161568388","23.8","23.7"
"2020-07-17 05:00:00","b8:27:eb:bf:9d:51","0.0060538305","0.0059726892","51.6","51.2","0.0088424934","0.0087565947","0.0238244611","0.0235773263","22.4","22.1"
"2020-07-17 06:00:00","00:0f:00:70:91:0a","0.0016160096","0.0015495149","75.6","73.9","0.0034012436","0.0032994073","0.0085860881","0.0083117716","20.0","19.6"
"2020-07-17 06:00:00","1c:bf:ce:15:ec:4d","0.0038081557","0.0036211859","78.6","77.4","0.0063231745","0.0060971348","0.0166515582","0.0160164496","23.7","23.7"
"2020-07-17 06:00:00","b8:27:eb:bf:9d:51","0.0059896037","0.0059373134","52.0","49.0","0.0087745276","0.0087190416","0.0236289064","0.0234693371","22.5","21.8"
"2020-07-17 07:00:00","00:0f:00:70:91:0a","0.0015431043","0.0014672705","75.6","73.9","0.0032894989","0.0031716830","0.0082851251","0.0079685750","19.9","19.6"
"2020-07-17 07:00:00","1c:bf:ce:15:ec:4d","0.0037522050","0.0035649073","77.9","74.4","0.0062558297","0.0060284393","0.0164621892","0.0158237646","23.7","23.7"
"2020-07-17 07:00:00","b8:27:eb:bf:9d:51","0.0059608383","0.0059116845","52.3","49.5","0.0087440131","0.0086918002","0.0235411467","0.0233910186","22.3","21.7"
"2020-07-17 08:00:00","00:0f:00:70:91:0a","0.0015072659","0.0013990468","76.2","73.9","0.0032341036","0.0030644041","0.0081361521","0.0076809548","19.9","19.6"
"2020-07-17 08:00:00","1c:bf:ce:15:ec:4d","0.0037566970","0.0035792465","77.6","74.7","0.0062611755","0.0060459683","0.0164772519","0.0158729189","23.7","23.4"
"2020-07-17 08:00:00","b8:27:eb:bf:9d:51","0.0059214514","0.0058944273","52.9","49.6","0.0087021905","0.0086734394","0.0234208860","0.0233382408","22.3","21.8"
"2020-07-17 09:00:00","00:0f:00:70:91:0a","0.0014030760","0.0013742966","76.6","74.9","0.0030707811","0.0030250697","0.0076980322","0.0075756969","20.2","19.6"
"2020-07-17 09:00:00","1c:bf:ce:15:ec:4d","0.0038246621","0.0036001993","78.1","74.8","0.0063426101","0.0060715411","0.0167064261","0.0159446498","23.7","23.6"
"2020-07-17 09:00:00","b8:27:eb:bf:9d:51","0.0059125674","0.0058725745","53.0","49.8","0.0086927292","0.0086501684","0.0233936944","0.0232713595","22.3","21.7"
"2020-07-17 10:00:00","00:0f:00:70:91:0a","0.0013944969","0.0013444333","77.0","72.9","0.0030571847","0.0029773857","0.0076616304","0.0074482024","20.3","19.7"
"2020-07-17 10:00:00","1c:bf:ce:15:ec:4d","0.0038141748","0.0036646551","77.6","74.9","0.0063303980","0.0061499955","0.0166718809","0.0161648191","23.7","23.6"
"2020-07-17 10:00:00","b8:27:eb:bf:9d:51","0.0059024837","0.0058482164","53.2","50.0","0.0086820035","0.0086241983","0.0233628622","0.0231967368","22.2","21.7"
"2020-07-17 11:00:00","00:0f:00:70:91:0a","0.0014016952","0.0013510992","77.9","75.6","0.0030685928","0.0029880220","0.0076921734","0.0074766447","20.0","19.7"
"2020-07-17 11:00:00","1c:bf:ce:15:ec:4d","0.0038245713","0.0036961548","77.4","76.7","0.0063428751","0.0061881939","0.0167069840","0.0162720876","23.6","23.5"
"2020-07-17 11:00:00","b8:27:eb:bf:9d:51","0.0058846724","0.0058572053","53.7","49.9","0.0086630589","0.0086337863","0.0233084033","0.0232242848","22.3","21.8"
"2020-07-17 12:00:00","00:0f:00:70:91:0a","0.0016399063","0.0013279606","79.9","75.7","0.0033528512","0.0029509596","0.0084931072","0.0073776050","20.1","19.7"
"2020-07-17 12:00:00","1c:bf:ce:15:ec:4d","0.0038122447","0.0036890407","79.8","73.6","0.0063281205","0.0061795709","0.0166654538","0.0162478707","24.1","23.3"
"2020-07-17 12:00:00","b8:27:eb:bf:9d:51","0.0058881290","0.0058479621","53.1","49.6","0.0086667327","0.0086239307","0.0233189654","0.0231959661","22.6","21.8"
"2020-07-17 13:00:00","00:0f:00:70:91:0a","0.0056678320","0.0013231046","82.0","77.0","0.0084186009","0.0029431527","0.0226129972","0.0073567568","20.1","19.6"
"2020-07-17 13:00:00","1c:bf:ce:15:ec:4d","0.0038505681","0.0037371818","78.5","73.8","0.0063741469","0.0062378051","0.0167949278","0.0164114761","24.9","24.1"
"2020-07-17 13:00:00","b8:27:eb:bf:9d:51","0.0059069043","0.0058610269","53.4","49.8","0.0086867199","0.0086378648","0.0233764126","0.0232360020","22.6","21.8"
"2020-07-17 14:00:00","00:0f:00:70:91:0a","0.0056175443","0.0013231046","78.3","77.0","0.0083608289","0.0029431527","0.0224491876","0.0073567568","19.7","19.3"
"2020-07-17 14:00:00","1c:bf:ce:15:ec:4d","0.0040468166","0.0038000444","74.3","70.9","0.0066074789","0.0063135278","0.0174524792","0.0166243741","25.6","24.9"
"2020-07-17 14:00:00","b8:27:eb:bf:9d:51","0.0059867940","0.0058990930","53.5","49.7","0.0087715447","0.0086784053","0.0236203288","0.0233525145","22.6","21.6"
"2020-07-17 15:00:00","00:0f:00:70:91:0a","0.0017090011","0.0014292164","78.4","76.8","0.0035417288","0.0031119884","0.0089654353","0.0078084620","20.0","19.2"
"2020-07-17 15:00:00","1c:bf:ce:15:ec:4d","0.0040375372","0.0039301595","71.5","67.7","0.0065965718","0.0064691886","0.0174216789","0.0170625580","26.1","25.5"
"2020-07-17 15:00:00","b8:27:eb:bf:9d:51","0.0060316766","0.0059423888","53.5","50.0","0.0088190781","0.0087244248","0.0237570750","0.0234848196","22.4","21.6"
"2020-07-17 16:00:00","00:0f:00:70:91:0a","0.0020789612","0.0017170300","78.6","76.0","0.0040811132","0.0035537727","0.0104311567","0.0089979982","19.3","19.1"
"2020-07-17 16:00:00","1c:bf:ce:15:ec:4d","0.0040333750","0.0038830436","69.9","68.8","0.0065916470","0.0064129887","0.0174077885","0.0169042721","26.1","25.3"
"2020-07-17 16:00:00","b8:27:eb:bf:9d:51","0.0060770461","0.0060150300","53.7","50.7","0.0088670136","0.0088014580","0.0238950359","0.0237063797","22.2","21.6"
"2020-07-17 17:00:00","00:0f:00:70:91:0a","0.0023824497","0.0020662880","78.3","75.1","0.0045039128","0.0040630934","0.0115894368","0.0103819695","19.6","19.0"
"2020-07-17 17:00:00","1c:bf:ce:15:ec:4d","0.0040103348","0.0039083670","69.3","66.4","0.0065643889","0.0064432190","0.0173309042","0.0169894028","26.5","26.1"
"2020-07-17 17:00:00","b8:27:eb:bf:9d:51","0.0060427316","0.0059759622","54.1","51.3","0.0088307634","0.0087600641","0.0237907033","0.0235873056","22.1","21.6"
"2020-07-17 18:00:00","00:0f:00:70:91:0a","0.0025894181","0.0023833419","78.2","74.6","0.0047836323","0.0045051281","0.0123599026","0.0115927797","19.5","19.0"
"2020-07-17 18:00:00","1c:bf:ce:15:ec:4d","0.0039180997","0.0038340682","69.7","65.3","0.0064548148","0.0063543697","0.0170220689","0.0167392742","27.0","26.5"
"2020-07-17 18:00:00","b8:27:eb:bf:9d:51","0.0060555328","0.0060204982","54.1","51.3","0.0088442937","0.0088072493","0.0238296416","0.0237230403","22.4","21.5"
"2020-07-17 19:00:00","00:0f:00:70:91:0a","0.0028338614","0.0025580137","78.3","74.5","0.0051062361","0.0047414862","0.0132522652","0.0122436684","19.8","19.0"
"2020-07-17 19:00:00","1c:bf:ce:15:ec:4d","0.0038925999","0.0037812551","67.1","58.2","0.0064243706","0.0062909372","0.0169363376","0.0165608382","27.7","26.0"
"2020-07-17 19:00:00","b8:27:eb:bf:9d:51","0.0060446507","0.0059944903","53.8","50.3","0.0088327942","0.0087797063","0.0237965463","0.0236438030","22.9","21.8"
"2020-07-17 20:00:00","00:0f:00:70:91:0a","0.0029456641","0.0024984058","78.0","77.0","0.0052511782","0.0046614486","0.0136544723","0.0120229544","22.7","19.0"
"2020-07-17 20:00:00","1c:bf:ce:15:ec:4d","0.0039420874","0.0038593464","59.6","56.1","0.0064833794","0.0063846422","0.0171025444","0.0168244754","28.4","27.7"
"2020-07-17 20:00:00","b8:27:eb:bf:9d:51","0.0061352604","0.0060179703","53.7","49.8","0.0089283711","0.0088045747","0.0240717028","0.0237153446","23.2","22.1"
"2020-07-17 21:00:00","00:0f:00:70:91:0a","0.0030645027","0.0028272807","78.5","75.5","0.0054035566","0.0050976343","0.0140781446","0.0132284308","23.4","19.0"
"2020-07-17 21:00:00","1c:bf:ce:15:ec:4d","0.0040716127","0.0039249987","61.9","55.6","0.0066366272","0.0064630305","0.0175347885","0.0170452149","28.5","27.6"
"2020-07-17 21:00:00","b8:27:eb:bf:9d:51","0.0064938531","0.0061129442","52.1","49.5","0.0093029041","0.0089048650","0.0251518456","0.0240040139","23.1","22.2"
"2020-07-17 22:00:00","00:0f:00:70:91:0a","0.0047378519","0.0030907192","82.0","77.0","0.0074053741","0.0054369214","0.0197127716","0.0141710359","23.2","19.0"
"2020-07-17 22:00:00","1c:bf:ce:15:ec:4d","0.0040834101","0.0039010476","62.6","58.8","0.0066505034","0.0064344666","0.0175739682","0.0169647627","28.7","21.0"
"2020-07-17 22:00:00","b8:27:eb:bf:9d:51","0.0071813657","0.0065162420","52.0","49.3","0.0100053909","0.0093260964","0.0271857353","0.0252188299","23.0","22.0"
"2020-07-17 23:00:00","00:0f:00:70:91:0a","0.0048777368","0.0047554651","77.3","74.3","0.0075632970","0.0074254597","0.0201619425","0.0197697977","23.6","19.0"
"2020-07-17 23:00:00","1c:bf:ce:15:ec:4d","0.0043650590","0.0037092970","62.9","57.2","0.0069794539","0.0062040627","0.0185039328","0.0163166845","28.7","21.3"
"2020-07-17 23:00:00","b8:27:eb:bf:9d:51","0.0071805433","0.0069080443","68.1","48.5","0.0100045593","0.0097284586","0.0271833231","0.0263827329","23.1","22.0"
"2020-07-18 00:00:00","00:0f:00:70:91:0a","0.0048534001","0.0045245185","77.8","76.3","0.0075359449","0.0071628741","0.0200840843","0.0190238872","19.6","19.0"
"2020-07-18 00:00:00","1c:bf:ce:15:ec:4d","0.0044733225","0.0041746327","60.3","56.8","0.0071041127","0.0067577884","0.0188572477","0.0178768953","28.4","27.7"
"2020-07-18 00:00:00","b8:27:eb:bf:9d:51","0.0069102368","0.0066382348","71.7","48.6","0.0097306887","0.0094520640","0.0263891950","0.0255828588","23.2","22.2"
"2020-07-18 01:00:00","00:0f:00:70:91:0a","0.0045838298","0.0041328647","77.6","74.8","0.0072307907","0.0067088089","0.0192165703","0.0177385263","19.5","19.1"
"2020-07-18 01:00:00","1c:bf:ce:15:ec:4d","0.0042276250","0.0040886168","61.4","60.0","0.0068197836","0.0066568388","0.0180521084","0.0175917499","27.7","26.8"
"2020-07-18 01:00:00","b8:27:eb:bf:9d:51","0.0066372765","0.0041513000","71.1","48.3","0.0094510831","0.0067304557","0.0255800196","0.0177996651","23.4","22.3"
"2020-07-18 02:00:00","00:0f:00:70:91:0a","0.0041565129","0.0039136051","77.2","74.3","0.0067366083","0.0064494599","0.0178170264","0.0170069837","19.6","19.3"
"2020-07-18 02:00:00","1c:bf:ce:15:ec:4d","0.0042056354","0.0041573383","61.1","60.4","0.0067941238","0.0067375382","0.0179795548","0.0178196725","26.8","26.1"
"2020-07-18 02:00:00","b8:27:eb:bf:9d:51","0.0062492580","0.0040550115","71.4","48.3","0.0090480765","0.0066168774","0.0244166002","0.0174791374","23.3","22.3"
"2020-07-18 03:00:00","00:0f:00:70:91:0a","0.0039339805","0.0038041943","76.7","75.0","0.0064736715","0.0063183892","0.0170752214","0.0166381109","19.7","19.4"
"2020-07-18 03:00:00","1c:bf:ce:15:ec:4d","0.0042206455","0.0040850510","61.3","60.6","0.0068116030","0.0066526374","0.0180289958","0.0175798909","26.4","25.8"
"2020-07-18 03:00:00","b8:27:eb:bf:9d:51","0.0062085865","0.0060832846","69.8","48.0","0.0090054459","0.0088735950","0.0242937325","0.0239139828","23.2","22.2"
"2020-07-18 04:00:00","00:0f:00:70:91:0a","0.0038425307","0.0036928608","76.7","75.0","0.0063644097","0.0061841184","0.0167675791","0.0162606834","19.9","19.4"
"2020-07-18 04:00:00","1c:bf:ce:15:ec:4d","0.0042013561","0.0040754065","61.4","60.3","0.0067890607","0.0066412632","0.0179652738","0.0175477907","25.8","25.4"
"2020-07-18 04:00:00","b8:27:eb:bf:9d:51","0.0060903236","0.0060087511","71.4","48.0","0.0088810082","0.0087948059","0.0239353305","0.0236872439","23.1","22.2"
"2020-07-18 05:00:00","00:0f:00:70:91:0a","0.0037322121","0.0032980993","77.3","73.5","0.0062317510","0.0056983742","0.0163944886","0.0149001710","19.9","19.5"
"2020-07-18 05:00:00","1c:bf:ce:15:ec:4d","0.0041285786","0.0040566204","60.6","60.1","0.0067037816","0.0066191100","0.0177243245","0.0174852694","25.4","24.7"
"2020-07-18 05:00:00","b8:27:eb:bf:9d:51","0.0060177885","0.0059278484","69.4","48.1","0.0088043782","0.0087089893","0.0237147813","0.0234404328","22.9","22.1"
"2020-07-18 06:00:00","00:0f:00:70:91:0a","0.0033596473","0.0031695468","77.5","74.3","0.0057749025","0.0055369295","0.0151141197","0.0144496250","20.1","19.6"
"2020-07-18 06:00:00","1c:bf:ce:15:ec:4d","0.0041310566","0.0040394299","60.6","60.0","0.0067066443","0.0065987983","0.0177324333","0.0174279655","24.9","24.5"
"2020-07-18 06:00:00","b8:27:eb:bf:9d:51","0.0059383943","0.0058609287","67.7","48.1","0.0087201944","0.0086377583","0.0234726494","0.0232356968","22.8","22.1"
"2020-07-18 07:00:00","00:0f:00:70:91:0a","0.0032370104","0.0030524041","77.8","74.8","0.0056219892","0.0053881869","0.0146868358","0.0140353397","20.1","19.7"
"2020-07-18 07:00:00","1c:bf:ce:15:ec:4d","0.0041901184","0.0040544073","60.8","60.1","0.0067758176","0.0066164984","0.0179278942","0.0174778998","24.5","24.1"
"2020-07-18 07:00:00","b8:27:eb:bf:9d:51","0.0058732595","0.0058318352","51.2","50.4","0.0086508999","0.0086067149","0.0232734607","0.0231465092","22.6","22.5"
"2020-07-18 08:00:00","00:0f:00:70:91:0a","0.0031658659","0.0030471378","78.1","65.6","0.0055321327","0.0053814661","0.0144363255","0.0140166374","20.1","19.8"
"2020-07-18 08:00:00","1c:bf:ce:15:ec:4d","0.0042101098","0.0040764220","60.5","60.0","0.0067988918","0.0066424607","0.0179932647","0.0175511705","24.1","23.5"
"2020-07-18 08:00:00","b8:27:eb:bf:9d:51","0.0058382129","0.0057899767","53.7","49.0","0.0086135250","0.0085619787","0.0231660720","0.0230180189","22.6","22.1"
"2020-07-18 09:00:00","00:0f:00:70:91:0a","0.0031001056","0.0030465045","78.0","53.7","0.0054489261","0.0053806568","0.0142044293","0.0140143859","20.1","19.8"
"2020-07-18 09:00:00","1c:bf:ce:15:ec:4d","0.0041802774","0.0040909629","60.4","60.0","0.0067644588","0.0066595811","0.0178957139","0.0175995016","23.9","23.6"
"2020-07-18 09:00:00","b8:27:eb:bf:9d:51","0.0058046581","0.0057552209","51.9","48.8","0.0085776838","0.0085247726","0.0230631195","0.0229111878","22.5","22.0"
"2020-07-18 10:00:00","00:0f:00:70:91:0a","0.0030617612","0.0030445254","78.1","53.5","0.0054000874","0.0053781278","0.0140684761","0.0140073500","20.2","19.9"
"2020-07-18 10:00:00","1c:bf:ce:15:ec:4d","0.0042405769","0.0040979295","60.3","59.1","0.0068348809","0.0066677885","0.0180948046","0.0176226686","23.6","23.4"
"2020-07-18 10:00:00","b8:27:eb:bf:9d:51","0.0057670862","0.0057162388","52.3","51.5","0.0085374772","0.0084829661","0.0229476654","0.0227911864","22.3","22.2"
"2020-07-18 11:00:00","00:0f:00:70:91:0a","0.0030683933","0.0029903010","78.0","54.2","0.0054085512","0.0053086105","0.0140920287","0.0138140590","20.1","19.8"
"2020-07-18 11:00:00","1c:bf:ce:15:ec:4d","0.0042081483","0.0040518972","60.1","59.6","0.0067970384","0.0066135361","0.0179878046","0.0174695407","23.8","23.3"
"2020-07-18 11:00:00","b8:27:eb:bf:9d:51","0.0057330045","0.0057016431","52.6","49.4","0.0085009558","0.0084672896","0.0228428192","0.0227462003","22.3","21.9"
"2020-07-18 12:00:00","00:0f:00:70:91:0a","0.0030065795","0.0028243344","78.1","70.7","0.0053295537","0.0050938130","0.0138722544","0.0132178274","20.1","19.7"
"2020-07-18 12:00:00","1c:bf:ce:15:ec:4d","0.0041214127","0.0040712132","60.6","59.1","0.0066953423","0.0066363144","0.0177005013","0.0175338262","24.4","23.8"
"2020-07-18 12:00:00","b8:27:eb:bf:9d:51","0.0057281402","0.0056811762","53.0","49.7","0.0084957388","0.0084452813","0.0228278445","0.0226830576","22.3","21.7"
"2020-07-18 13:00:00","00:0f:00:70:91:0a","0.0028933481","0.0026062520","77.3","74.0","0.0051833868","0.0048061598","0.0134663390","0.0124220624","20.1","19.5"
"2020-07-18 13:00:00","1c:bf:ce:15:ec:4d","0.0041019140","0.0040451725","62.2","59.6","0.0066724152","0.0066055883","0.0176357624","0.0174471192","25.1","24.4"
"2020-07-18 13:00:00","b8:27:eb:bf:9d:51","0.0057109604","0.0056451003","63.0","50.5","0.0084772970","0.0084064557","0.0227749180","0.0225716822","22.6","21.6"
"2020-07-18 14:00:00","00:0f:00:70:91:0a","0.0034207642","0.0025108113","76.4","73.9","0.0058508013","0.0046781206","0.0153263557","0.0120689225","19.7","19.3"
"2020-07-18 14:00:00","1c:bf:ce:15:ec:4d","0.0040728104","0.0039724557","64.0","61.3","0.0066382025","0.0065194559","0.0175391524","0.0172042266","25.8","24.8"
"2020-07-18 14:00:00","b8:27:eb:bf:9d:51","0.0061528205","0.0056417937","58.0","51.9","0.0089468558","0.0084028922","0.0241249380","0.0225614623","22.5","21.5"
"2020-07-18 15:00:00","00:0f:00:70:91:0a","0.0037514459","0.0034936058","76.2","73.4","0.0062550137","0.0059408954","0.0164598455","0.0155784675","19.7","19.1"
"2020-07-18 15:00:00","1c:bf:ce:15:ec:4d","0.0041060905","0.0038586818","67.5","58.5","0.0066770298","0.0063838592","0.0176489414","0.0168222651","28.0","25.8"
"2020-07-18 15:00:00","b8:27:eb:bf:9d:51","0.0062478822","0.0056418541","55.0","51.6","0.0090466387","0.0083706770","0.0244124542","0.0224859271","22.0","21.2"
"2020-07-18 16:00:00","00:0f:00:70:91:0a","0.0037477271","0.0035343847","75.7","74.6","0.0062505315","0.0059910404","0.0164472449","0.0157189349","19.3","19.0"
"2020-07-18 16:00:00","1c:bf:ce:15:ec:4d","0.0042994376","0.0040830829","59.6","53.1","0.0069027587","0.0066503145","0.0182871356","0.0175733361","28.9","28.0"
"2020-07-18 16:00:00","b8:27:eb:bf:9d:51","0.0062213664","0.0061346982","54.8","51.6","0.0090188466","0.0089277796","0.0243323526","0.0240699990","21.9","21.2"
"2020-07-18 17:00:00","00:0f:00:70:91:0a","0.0039267191","0.0037168249","77.0","74.0","0.0064650795","0.0062131586","0.0170509873","0.0163422441","20.0","19.1"
"2020-07-18 17:00:00","1c:bf:ce:15:ec:4d","0.0045728531","0.0044363552","58.5","51.3","0.0072182318","0.0070617356","0.0191809347","0.0187370450","29.4","28.6"
"2020-07-18 17:00:00","b8:27:eb:bf:9d:51","0.0061487299","0.0060723555","54.6","51.9","0.0089425493","0.0088620576","0.0241125356","0.0238807723","22.1","21.4"
"2020-07-18 18:00:00","00:0f:00:70:91:0a","0.0040820393","0.0039068353","76.7","74.7","0.0066489426","0.0064413821","0.0175695354","0.0169842343","19.4","19.0"
"2020-07-18 18:00:00","1c:bf:ce:15:ec:4d","0.0045237316","0.0043994427","61.7","58.5","0.0071620907","0.0070191934","0.0190216052","0.0186164895","28.9","28.7"
"2020-07-18 18:00:00","b8:27:eb:bf:9d:51","0.0060906609","0.0060284636","54.4","51.1","0.0088813715","0.0088156755","0.0239363726","0.0237472861","22.5","21.6"
"2020-07-18 19:00:00","00:0f:00:70:91:0a","0.0045765179","0.0039331485","77.2","75.7","0.0072224578","0.0064727285","0.0191929091","0.0170725406","21.0","19.0"
"2020-07-18 19:00:00","1c:bf:ce:15:ec:4d","0.0044422657","0.0041991119","62.6","54.6","0.0070678911","0.0067864979","0.0187548189","0.0179579990","30.1","28.7"
"2020-07-18 19:00:00","b8:27:eb:bf:9d:51","0.0060401710","0.0060096707","52.8","50.2","0.0088280503","0.0087957841","0.0237828988","0.0236900558","22.7","21.8"
"2020-07-18 20:00:00","00:0f:00:70:91:0a","0.0048799806","0.0045551347","77.4","73.3","0.0075658128","0.0071979822","0.0201691067","0.0191234656","24.2","19.0"
"2020-07-18 20:00:00","1c:bf:ce:15:ec:4d","0.0044415780","0.0042071433","54.4","51.7","0.0070677558","0.0067958848","0.0187541045","0.0179845331","30.4","20.9"
"2020-07-18 20:00:00","b8:27:eb:bf:9d:51","0.0060740818","0.0060140510","52.1","49.6","0.0088638785","0.0088004223","0.0238860147","0.0237033995","22.8","21.9"
"2020-07-18 21:00:00","00:0f:00:70:91:0a","0.0049697720","0.0048639544","77.2","75.9","0.0076662443","0.0075478100","0.0204552327","0.0201178568","21.2","19.0"
"2020-07-18 21:00:00","1c:bf:ce:15:ec:4d","0.0046334809","0.0044474436","55.3","52.1","0.0072870220","0.0070745167","0.0193764155","0.0187732630","30.4","21.1"
"2020-07-18 21:00:00","b8:27:eb:bf:9d:51","0.0060945277","0.0060484869","51.3","49.4","0.0088854530","0.0088368492","0.0239481215","0.0238082160","23.0","22.1"
"2020-07-18 22:00:00","00:0f:00:70:91:0a","0.0051134540","0.0048997783","77.3","74.5","0.0078255405","0.0075879957","0.0209097760","0.0202322851","22.1","19.0"
"2020-07-18 22:00:00","1c:bf:ce:15:ec:4d","0.0046791622","0.0044946144","58.5","52.4","0.0073392777","0.0071287181","0.0195246953","0.0189269408","30.4","20.9"
"2020-07-18 22:00:00","b8:27:eb:bf:9d:51","0.0061057194","0.0060771641","51.8","49.2","0.0088972569","0.0088671194","0.0239821045","0.0238953501","22.9","22.1"
"2020-07-18 23:00:00","00:0f:00:70:91:0a","0.0049150232","0.0048638553","77.3","75.6","0.0076049749","0.0075476580","0.0202806949","0.0201174447","19.4","19.1"
"2020-07-18 23:00:00","1c:bf:ce:15:ec:4d","0.0055689127","0.0045802548","58.3","54.4","0.0083232075","0.0072267132","0.0223335172","0.0192049941","29.7","29.1"
"2020-07-18 23:00:00","b8:27:eb:bf:9d:51","0.0060883873","0.0060407546","52.2","49.5","0.0088789808","0.0088286723","0.0239294862","0.0237846861","22.7","22.0"
"2020-07-19 00:00:00","00:0f:00:70:91:0a","0.0048849509","0.0041630720","77.3","73.7","0.0075713709","0.0067443064","0.0201849422","0.0178387706","19.8","19.1"
"2020-07-19 00:00:00","1c:bf:ce:15:ec:4d","0.0055929768","0.0048812339","58.5","56.3","0.0083483394","0.0075672041","0.0224060005","0.0201730759","29.3","28.7"
"2020-07-19 00:00:00","b8:27:eb:bf:9d:51","0.0060515851","0.0060021099","52.0","48.7","0.0088401199","0.0087877798","0.0238176306","0.0236670270","23.0","22.1"
"2020-07-19 01:00:00","00:0f:00:70:91:0a","0.0045594114","0.0037477271","77.3","74.6","0.0072028773","0.0062505315","0.0191373543","0.0164472449","19.4","19.0"
"2020-07-19 01:00:00","1c:bf:ce:15:ec:4d","0.0050370285","0.0046135778","56.5","53.6","0.0077402283","0.0072646887","0.0206666361","0.0193128245","30.1","29.0"
"2020-07-19 01:00:00","b8:27:eb:bf:9d:51","0.0060247788","0.0059968013","52.1","49.1","0.0088117791","0.0087821486","0.0237360738","0.0236508316","22.7","22.0"
"2020-07-19 02:00:00","00:0f:00:70:91:0a","0.0038971687","0.0036858095","77.4","74.4","0.0064298433","0.0061755933","0.0169517397","0.0162367303","19.8","19.1"
"2020-07-19 02:00:00","1c:bf:ce:15:ec:4d","0.0046992480","0.0043425274","54.6","53.8","0.0073620398","0.0069533922","0.0195893924","0.0184301269","30.0","29.5"
"2020-07-19 02:00:00","b8:27:eb:bf:9d:51","0.0060055103","0.0059379884","51.5","48.5","0.0087913819","0.0087197594","0.0236773893","0.0234714006","23.0","21.9"
"2020-07-19 03:00:00","00:0f:00:70:91:0a","0.0038251267","0.0030087523","77.5","63.5","0.0063435386","0.0053323384","0.0167088522","0.0138799976","19.6","19.1"
"2020-07-19 03:00:00","1c:bf:ce:15:ec:4d","0.0043733736","0.0042842304","55.9","54.6","0.0069890778","0.0068856999","0.0185311839","0.0182385570","29.5","28.6"
"2020-07-19 03:00:00","b8:27:eb:bf:9d:51","0.0059451773","0.0058947078","50.9","48.1","0.0087273956","0.0086737391","0.0234933571","0.0233391017","23.0","22.0"
"2020-07-19 04:00:00","00:0f:00:70:91:0a","0.0056496200","0.0024735163","78.0","51.0","0.0084027814","0.0046278220","0.0225655959","0.0119303265","20.1","19.3"
"2020-07-19 04:00:00","1c:bf:ce:15:ec:4d","0.0044319935","0.0041020672","56.4","54.8","0.0070566139","0.0066726638","0.0187225789","0.0176364299","28.8","28.2"
"2020-07-19 04:00:00","b8:27:eb:bf:9d:51","0.0059062402","0.0058111317","50.9","48.5","0.0086860117","0.0085846009","0.0233743776","0.0230829873","23.0","22.0"
"2020-07-19 05:00:00","00:0f:00:70:91:0a","0.0056272809","0.0024735163","77.7","74.6","0.0083796926","0.0046278220","0.0224988598","0.0119303265","20.2","19.4"
"2020-07-19 05:00:00","1c:bf:ce:15:ec:4d","0.0044588715","0.0042759816","57.0","56.3","0.0070871328","0.0068760734","0.0188092940","0.0182113382","28.2","27.6"
"2020-07-19 05:00:00","b8:27:eb:bf:9d:51","0.0058433247","0.0057688932","50.8","47.9","0.0086189785","0.0085394203","0.0231817404","0.0229532403","23.0","22.2"
"2020-07-19 06:00:00","00:0f:00:70:91:0a","0.0027746375","0.0024946865","77.7","74.8","0.0050287000","0.0046564067","0.0130374830","0.0120090743","19.9","19.5"
"2020-07-19 06:00:00","1c:bf:ce:15:ec:4d","0.0045063540","0.0042066994","57.5","56.8","0.0071410302","0.0067953679","0.0189624422","0.0179830712","27.6","27.1"
"2020-07-19 06:00:00","b8:27:eb:bf:9d:51","0.0057773577","0.0057211597","51.1","48.1","0.0085484751","0.0084882394","0.0229792430","0.0228063249","23.0","22.3"
"2020-07-19 07:00:00","00:0f:00:70:91:0a","0.0030056245","0.0027718342","76.8","74.4","0.0053283296","0.0050251093","0.0138688507","0.0130274970","20.0","19.3"
"2020-07-19 07:00:00","1c:bf:ce:15:ec:4d","0.0043506486","0.0042959608","57.9","56.6","0.0069627890","0.0068993700","0.0184567367","0.0182772187","27.1","26.6"
"2020-07-19 07:00:00","b8:27:eb:bf:9d:51","0.0057664138","0.0057309776","51.0","48.1","0.0085367546","0.0084987821","0.0229455922","0.0228365799","22.5","21.7"
"2020-07-19 08:00:00","00:0f:00:70:91:0a","0.0030560775","0.0029593454","76.5","74.8","0.0053928398","0.0052687535","0.0140483049","0.0137033223","19.9","19.3"
"2020-07-19 08:00:00","1c:bf:ce:15:ec:4d","0.0044556209","0.0042222127","57.8","56.8","0.0070839176","0.0068134686","0.0187999152","0.0180342522","26.6","26.1"
"2020-07-19 08:00:00","b8:27:eb:bf:9d:51","0.0057724001","0.0057367363","51.2","48.5","0.0085431759","0.0085049566","0.0229640233","0.0228543038","22.4","21.7"
"2020-07-19 09:00:00","00:0f:00:70:91:0a","0.0032468949","0.0030401751","76.1","74.2","0.0056343635","0.0053725674","0.0147213885","0.0139918813","19.7","19.3"
"2020-07-19 09:00:00","1c:bf:ce:15:ec:4d","0.0046222125","0.0042996976","58.1","56.9","0.0072745495","0.0069037123","0.0193408137","0.0182895059","26.1","25.3"
"2020-07-19 09:00:00","b8:27:eb:bf:9d:51","0.0057738352","0.0057185675","51.5","48.6","0.0085447048","0.0084854677","0.0229684170","0.0227983648","22.2","21.6"
"2020-07-19 10:00:00","00:0f:00:70:91:0a","0.0030479118","0.0029886813","76.3","73.6","0.0053824552","0.0053065532","0.0140193892","0.0138083291","19.7","19.4"
"2020-07-19 10:00:00","1c:bf:ce:15:ec:4d","0.0046811051","0.0045216267","58.6","58.0","0.0073414841","0.0071596832","0.0195309643","0.0190147736","25.7","25.6"
"2020-07-19 10:00:00","b8:27:eb:bf:9d:51","0.0057449430","0.0057074397","51.6","48.9","0.0085137567","0.0084735167","0.0228795644","0.0227640692","22.2","21.6"
"2020-07-19 11:00:00","00:0f:00:70:91:0a","0.0030022271","0.0025756230","77.0","73.5","0.0053239657","0.0047652311","0.0138567211","0.0123090990","20.2","19.7"
"2020-07-19 11:00:00","1c:bf:ce:15:ec:4d","0.0046181454","0.0043903406","58.3","57.8","0.0072697885","0.0070086923","0.0193273588","0.0185867371","25.8","25.3"
"2020-07-19 11:00:00","b8:27:eb:bf:9d:51","0.0057124359","0.0056589091","54.3","51.5","0.0084788763","0.0084213274","0.0227794528","0.0226143381","22.4","22.1"
"2020-07-19 12:00:00","00:0f:00:70:91:0a","0.0027067287","0.0023432308","76.6","75.2","0.0049117487","0.0044500965","0.0127268371","0.0114416049","19.9","19.5"
"2020-07-19 12:00:00","1c:bf:ce:15:ec:4d","0.0044448568","0.0041425371","58.2","56.9","0.0070715408","0.0067201699","0.0187648273","0.0177706121","26.3","25.8"
"2020-07-19 12:00:00","b8:27:eb:bf:9d:51","0.0056748317","0.0056229715","53.5","50.2","0.0084384574","0.0083826085","0.0226634805","0.0225032902","22.5","21.9"
"2020-07-19 13:00:00","00:0f:00:70:91:0a","0.0023806523","0.0023546057","77.3","75.3","0.0045014581","0.0044657635","0.0115826882","0.0114846131","19.6","19.3"
"2020-07-19 13:00:00","1c:bf:ce:15:ec:4d","0.0042161902","0.0041177414","59.2","58.1","0.0068064502","0.0066910837","0.0180144029","0.0176884469","27.1","26.3"
"2020-07-19 13:00:00","b8:27:eb:bf:9d:51","0.0056892284","0.0056376797","54.9","51.1","0.0084539496","0.0083984648","0.0227079224","0.0225487619","22.2","21.6"
"2020-07-19 14:00:00","00:0f:00:70:91:0a","0.0033405602","0.0022011685","77.5","66.7","0.0056214599","0.0042532215","0.0147492712","0.0109017473","19.9","19.3"
"2020-07-19 14:00:00","1c:bf:ce:15:ec:4d","0.0042150231","0.0041866303","66.0","58.5","0.0068050895","0.0067718968","0.0180105548","0.0179167324","27.9","27.1"
"2020-07-19 14:00:00","b8:27:eb:bf:9d:51","0.0056981568","0.0056675612","55.5","52.2","0.0084635444","0.0084306450","0.0227354534","0.0226410635","22.2","21.6"
"2020-07-19 15:00:00","00:0f:00:70:91:0a","0.0053222813","0.0021820461","77.2","73.6","0.0080426208","0.0042264287","0.0215365670","0.0108284214","19.8","19.1"
"2020-07-19 15:00:00","1c:bf:ce:15:ec:4d","0.0042108576","0.0040886168","66.0","64.5","0.0068002233","0.0066568388","0.0179967981","0.0175917499","28.5","27.3"
"2020-07-19 15:00:00","b8:27:eb:bf:9d:51","0.0057221099","0.0056807340","54.7","51.5","0.0084892606","0.0084448040","0.0228092551","0.0226816893","22.3","21.6"
"2020-07-19 16:00:00","00:0f:00:70:91:0a","0.0023626346","0.0022072065","77.3","75.4","0.0044767774","0.0042616382","0.0115148696","0.0109248031","19.4","19.2"
"2020-07-19 16:00:00","1c:bf:ce:15:ec:4d","0.0040909633","0.0040452243","66.3","65.5","0.0066596003","0.0066056554","0.0175995463","0.0174473055","29.1","28.5"
"2020-07-19 16:00:00","b8:27:eb:bf:9d:51","0.0057121716","0.0056729480","55.6","51.0","0.0084785962","0.0084364404","0.0227786471","0.0226576893","22.9","21.7"
"2020-07-19 17:00:00","00:0f:00:70:91:0a","0.0023829753","0.0022956042","77.4","75.9","0.0045046418","0.0043844667","0.0115914357","0.0112614570","19.3","19.1"
"2020-07-19 17:00:00","1c:bf:ce:15:ec:4d","0.0041206373","0.0040341265","66.1","64.2","0.0066944559","0.0065925310","0.0176979857","0.0174102843","29.5","28.4"
"2020-07-19 17:00:00","b8:27:eb:bf:9d:51","0.0056973812","0.0056640974","54.2","51.1","0.0084627117","0.0084269113","0.0227330636","0.0226303558","22.8","22.0"
"2020-07-19 18:00:00","00:0f:00:70:91:0a","0.0026068857","0.0023727290","77.6","72.5","0.0048070059","0.0044906243","0.0124243981","0.0115529091","19.5","19.1"
"2020-07-19 18:00:00","1c:bf:ce:15:ec:4d","0.0040488853","0.0037431750","65.6","63.9","0.0066099794","0.0062450416","0.0174595053","0.0164318131","29.6","22.2"
"2020-07-19 18:00:00","b8:27:eb:bf:9d:51","0.0057034418","0.0056711851","53.5","50.3","0.0084692170","0.0084345399","0.0227517337","0.0226522390","23.1","22.2"
"2020-07-19 19:00:00","00:0f:00:70:91:0a","0.0028313212","0.0024802966","77.3","52.7","0.0051028722","0.0046369849","0.0132429656","0.0119555655","20.2","19.1"
"2020-07-19 19:00:00","1c:bf:ce:15:ec:4d","0.0040009610","0.0037441093","65.7","63.6","0.0065532557","0.0062461694","0.0172995239","0.0164349828","29.6","21.5"
"2020-07-19 19:00:00","b8:27:eb:bf:9d:51","0.0057639081","0.0056916765","52.4","49.6","0.0085340715","0.0084565819","0.0229378884","0.0227154746","23.1","22.2"
"2020-07-19 20:00:00","00:0f:00:70:91:0a","0.0030505004","0.0025983601","77.2","67.8","0.0053857550","0.0047956133","0.0140285737","0.0123929544","20.2","19.3"
"2020-07-19 20:00:00","1c:bf:ce:15:ec:4d","0.0040904181","0.0039550726","66.3","64.0","0.0066589591","0.0064988286","0.0175977358","0.0171460766","29.3","28.1"
"2020-07-19 20:00:00","b8:27:eb:bf:9d:51","0.0058615073","0.0057569121","52.6","49.6","0.0086383764","0.0085265867","0.0232374724","0.0229163947","22.4","21.5"
"2020-07-19 21:00:00","00:0f:00:70:91:0a","0.0033657247","0.0030488793","75.5","74.5","0.0057826074","0.0053836916","0.0151355864","0.0140228290","19.6","19.2"
"2020-07-19 21:00:00","1c:bf:ce:15:ec:4d","0.0041103659","0.0040407614","66.2","64.4","0.0066823996","0.0066003794","0.0176639318","0.0174324221","28.8","28.5"
"2020-07-19 21:00:00","b8:27:eb:bf:9d:51","0.0058966969","0.0054844719","52.0","49.5","0.0086758617","0.0082090642","0.0233452000","0.0220183945","22.2","21.3"
"2020-07-19 22:00:00","00:0f:00:70:91:0a","0.0037223512","0.0032666046","75.7","73.4","0.0062198507","0.0056590414","0.0163610414","0.0147902948","19.7","19.1"
"2020-07-19 22:00:00","1c:bf:ce:15:ec:4d","0.0042991391","0.0040292123","71.7","64.3","0.0069030516","0.0065867246","0.0182876421","0.0173939030","28.5","26.8"
"2020-07-19 22:00:00","b8:27:eb:bf:9d:51","0.0058967488","0.0049033174","51.8","49.1","0.0086759149","0.0075593873","0.0233453538","0.0201674213","22.6","21.3"
"2020-07-19 23:00:00","00:0f:00:70:91:0a","0.0038053336","0.0035893586","75.8","73.0","0.0063197843","0.0060582099","0.0166420219","0.0159073064","22.1","19.1"
"2020-07-19 23:00:00","1c:bf:ce:15:ec:4d","0.0045248763","0.0042882746","75.9","70.6","0.0071634028","0.0068904290","0.0190253268","0.0182519236","27.5","26.6"
"2020-07-19 23:00:00","b8:27:eb:bf:9d:51","0.0058952979","0.0053267547","75.1","48.8","0.0086743687","0.0080372916","0.0233409107","0.0215266354","22.7","21.5"
