"timestamp","device_id","co","humidity","lpg","smoke","temperature","light"
"2020-07-12 00:00:00","00:0f:00:70:91:0a","0.0026984590","75.6","0.0049277787","0.0127585109","19.7","0.00"
"2020-07-12 00:00:00","1c:bf:ce:15:ec:4d","0.0043080263","72.8","0.0069130887","0.0183161896","26.9","1.00"
"2020-07-12 00:00:00","b8:27:eb:bf:9d:51","0.0047346568","53.9","0.0073838755","0.0196610466","22.5","0.00"
"2020-07-12 01:00:00","00:0f:00:70:91:0a","0.0027923149","76.0","0.0050132970","0.0130132626","19.8","0.00"
"2020-07-12 01:00:00","1c:bf:ce:15:ec:4d","0.0041531607","76.9","0.0067323874","0.0178052480","26.7","1.00"
"2020-07-12 01:00:00","b8:27:eb:bf:9d:51","0.0049348346","51.5","0.0076270690","0.0203436762","22.5","0.00"
"2020-07-12 02:00:00","00:0f:00:70:91:0a","0.0027201148","76.2","0.0049206771","0.0127558528","19.7","0.00"
"2020-07-12 02:00:00","1c:bf:ce:15:ec:4d","0.0041670659","76.7","0.0067488566","0.0178516921","26.3","1.00"
"2020-07-12 02:00:00","b8:27:eb:bf:9d:51","0.0048872237","51.4","0.0075739219","0.0201922053","22.4","0.00"
"2020-07-12 03:00:00","00:0f:00:70:91:0a","0.0024701257","75.6","0.0046186112","0.0119071253","19.7","0.00"
"2020-07-12 03:00:00","1c:bf:ce:15:ec:4d","0.0041024391","76.9","0.0066729779","0.0176373788","26.0","1.00"
"2020-07-12 03:00:00","b8:27:eb:bf:9d:51","0.0048629094","51.3","0.0075466392","0.0201145224","22.2","0.00"
"2020-07-12 04:00:00","00:0f:00:70:91:0a","0.0026329386","75.7","0.0048415707","0.0125199192","19.6","0.00"
"2020-07-12 04:00:00","1c:bf:ce:15:ec:4d","0.0040789503","76.9","0.0066453080","0.0175592736","25.7","1.00"
"2020-07-12 04:00:00","b8:27:eb:bf:9d:51","0.0048157746","51.5","0.0074935938","0.0199635635","22.1","0.00"
"2020-07-12 05:00:00","00:0f:00:70:91:0a","0.0026648537","75.6","0.0048838355","0.0126367577","19.6","0.00"
"2020-07-12 05:00:00","1c:bf:ce:15:ec:4d","0.0040290422","76.4","0.0065863512","0.0173929363","25.5","1.00"
"2020-07-12 05:00:00","b8:27:eb:bf:9d:51","0.0047696724","51.1","0.0074416915","0.0198158672","22.0","0.00"
"2020-07-12 06:00:00","00:0f:00:70:91:0a","0.0026323607","75.4","0.0048408055","0.0125178038","19.5","0.00"
"2020-07-12 06:00:00","1c:bf:ce:15:ec:4d","0.0040593290","75.6","0.0066222177","0.0174940835","25.2","1.00"
"2020-07-12 06:00:00","b8:27:eb:bf:9d:51","0.0048091693","51.8","0.0074862177","0.0199425430","21.8","0.00"
"2020-07-12 07:00:00","00:0f:00:70:91:0a","0.0027358333","75.2","0.0049774271","0.0128956854","19.5","0.00"
"2020-07-12 07:00:00","1c:bf:ce:15:ec:4d","0.0040249708","75.4","0.0065815663","0.0173794242","25.0","1.00"
"2020-07-12 07:00:00","b8:27:eb:bf:9d:51","0.0048438951","51.3","0.0075252907","0.0200537424","21.7","0.00"
"2020-07-12 08:00:00","00:0f:00:70:91:0a","0.0028324682","75.2","0.0051043816","0.0132471431","19.5","0.00"
"2020-07-12 08:00:00","1c:bf:ce:15:ec:4d","0.0039597065","75.1","0.0065040254","0.0171608785","24.7","1.00"
"2020-07-12 08:00:00","b8:27:eb:bf:9d:51","0.0048768925","51.6","0.0075623403","0.0201592231","21.6","0.00"
"2020-07-12 09:00:00","00:0f:00:70:91:0a","0.0036872521","75.3","0.0061358912","0.0161459899","19.5","0.00"
"2020-07-12 09:00:00","1c:bf:ce:15:ec:4d","0.0038689223","74.7","0.0063961019","0.0168567325","24.4","1.00"
"2020-07-12 09:00:00","b8:27:eb:bf:9d:51","0.0048732984","51.7","0.0075583092","0.0201477442","21.5","0.00"
"2020-07-12 10:00:00","00:0f:00:70:91:0a","0.0038088382","75.3","0.0062914737","0.0165786911","19.6","0.00"
"2020-07-12 10:00:00","1c:bf:ce:15:ec:4d","0.0039035959","74.2","0.0064374814","0.0169732663","24.2","1.00"
"2020-07-12 10:00:00","b8:27:eb:bf:9d:51","0.0048684584","51.9","0.0075528770","0.0201322776","21.4","0.00"
"2020-07-12 11:00:00","00:0f:00:70:91:0a","0.0031280355","75.2","0.0054746861","0.0142808503","19.5","0.00"
"2020-07-12 11:00:00","1c:bf:ce:15:ec:4d","0.0039670266","73.4","0.0065129127","0.0171858315","24.3","1.00"
"2020-07-12 11:00:00","b8:27:eb:bf:9d:51","0.0048628050","52.5","0.0075465021","0.0201141419","21.4","0.00"
"2020-07-12 12:00:00","00:0f:00:70:91:0a","0.0030357073","75.2","0.0053668166","0.0139759026","19.4","0.20"
"2020-07-12 12:00:00","1c:bf:ce:15:ec:4d","0.0039147209","72.9","0.0064507558","0.0170106510","24.6","1.00"
"2020-07-12 12:00:00","b8:27:eb:bf:9d:51","0.0048259434","52.7","0.0075050756","0.0199962195","21.4","0.00"
"2020-07-12 13:00:00","00:0f:00:70:91:0a","0.0030317749","73.7","0.0053612592","0.0139606963","19.5","1.00"
"2020-07-12 13:00:00","1c:bf:ce:15:ec:4d","0.0039600171","70.6","0.0065046050","0.0171624064","25.1","1.00"
"2020-07-12 13:00:00","b8:27:eb:bf:9d:51","0.0048215628","53.2","0.0075001762","0.0199822611","21.6","0.00"
"2020-07-12 14:00:00","00:0f:00:70:91:0a","0.0030474163","73.6","0.0053817860","0.0140175454","19.3","0.58"
"2020-07-12 14:00:00","1c:bf:ce:15:ec:4d","0.0040339537","69.6","0.0065921826","0.0174093740","25.6","1.00"
"2020-07-12 14:00:00","b8:27:eb:bf:9d:51","0.0048380033","52.2","0.0075186623","0.0200348780","21.7","0.00"
"2020-07-12 15:00:00","00:0f:00:70:91:0a","0.0033068379","74.2","0.0057086623","0.0149292216","19.2","0.00"
"2020-07-12 15:00:00","1c:bf:ce:15:ec:4d","0.0041915983","66.4","0.0067775616","0.0179328166","26.0","1.00"
"2020-07-12 15:00:00","b8:27:eb:bf:9d:51","0.0049440539","51.7","0.0076375271","0.0203733937","21.9","0.00"
"2020-07-12 16:00:00","00:0f:00:70:91:0a","0.0038037618","73.9","0.0063167177","0.0166339869","19.1","0.00"
"2020-07-12 16:00:00","1c:bf:ce:15:ec:4d","0.0040946389","54.8","0.0066638692","0.0176116271","27.2","1.00"
"2020-07-12 16:00:00","b8:27:eb:bf:9d:51","0.0050156963","51.1","0.0077174097","0.0206011029","21.9","0.00"
"2020-07-12 17:00:00","00:0f:00:70:91:0a","0.0042636738","73.8","0.0068603909","0.0181676594","18.9","0.00"
"2020-07-12 17:00:00","1c:bf:ce:15:ec:4d","0.0042027680","52.3","0.0067907504","0.0179700302","27.9","1.00"
"2020-07-12 17:00:00","b8:27:eb:bf:9d:51","0.0050914264","51.4","0.0078015489","0.0208410987","21.6","0.00"
"2020-07-12 18:00:00","00:0f:00:70:91:0a","0.0047364410","73.7","0.0074036064","0.0197078327","19.0","0.00"
"2020-07-12 18:00:00","1c:bf:ce:15:ec:4d","0.0042976098","50.7","0.0069010769","0.0182821540","26.6","1.00"
"2020-07-12 18:00:00","b8:27:eb:bf:9d:51","0.0051255505","51.2","0.0078393433","0.0209489626","21.9","0.18"
"2020-07-12 19:00:00","00:0f:00:70:91:0a","0.0049267883","73.6","0.0076181469","0.0203182151","18.9","0.00"
"2020-07-12 19:00:00","1c:bf:ce:15:ec:4d","0.0043180224","49.7","0.0069245113","0.0183486088","22.0","1.00"
"2020-07-12 19:00:00","b8:27:eb:bf:9d:51","0.0051917911","50.6","0.0079124954","0.0211578444","21.8","0.67"
"2020-07-12 20:00:00","00:0f:00:70:91:0a","0.0053313604","73.9","0.0080647515","0.0215935519","18.8","0.00"
"2020-07-12 20:00:00","1c:bf:ce:15:ec:4d","0.0044597419","53.0","0.0070884380","0.0188128405","26.3","1.00"
"2020-07-12 20:00:00","b8:27:eb:bf:9d:51","0.0052336900","50.7","0.0079586412","0.0212896747","21.9","0.07"
"2020-07-12 21:00:00","00:0f:00:70:91:0a","0.0059907776","74.4","0.0087746328","0.0236297934","18.8","0.00"
"2020-07-12 21:00:00","1c:bf:ce:15:ec:4d","0.0044462566","52.7","0.0070728718","0.0187687412","28.1","1.00"
"2020-07-12 21:00:00","b8:27:eb:bf:9d:51","0.0052848373","50.5","0.0080148345","0.0214502792","21.9","0.00"
"2020-07-12 22:00:00","00:0f:00:70:91:0a","0.0078260524","74.0","0.0105915595","0.0289192931","20.9","0.20"
"2020-07-12 22:00:00","1c:bf:ce:15:ec:4d","0.0043467765","55.8","0.0069582497","0.0184439122","27.6","1.00"
"2020-07-12 22:00:00","b8:27:eb:bf:9d:51","0.0056785869","50.4","0.0084407417","0.0226709328","21.5","0.00"
"2020-07-12 23:00:00","00:0f:00:70:91:0a","0.0055294180","74.2","0.0082686512","0.0221832798","21.2","0.00"
"2020-07-12 23:00:00","1c:bf:ce:15:ec:4d","0.0044832517","58.7","0.0071155865","0.0188897467","26.9","1.00"
"2020-07-12 23:00:00","b8:27:eb:bf:9d:51","0.0059442512","50.5","0.0087258648","0.0234892363","21.5","0.00"
"2020-07-13 00:00:00","00:0f:00:70:91:0a","0.0092166905","74.2","0.0119266438","0.0328277146","19.0","0.00"
"2020-07-13 00:00:00","1c:bf:ce:15:ec:4d","0.0045536130","58.4","0.0071962489","0.0191185434","26.8","1.00"
"2020-07-13 00:00:00","b8:27:eb:bf:9d:51","0.0054916439","50.9","0.0082403023","0.0220955666","21.9","0.00"
"2020-07-13 01:00:00","00:0f:00:70:91:0a","0.0079469365","74.1","0.0107619265","0.0293891880","19.0","0.02"
"2020-07-13 01:00:00","1c:bf:ce:15:ec:4d","0.0046149586","59.6","0.0072661471","0.0193170239","26.2","1.00"
"2020-07-13 01:00:00","b8:27:eb:bf:9d:51","0.0053156156","50.2","0.0080485658","0.0215467281","22.0","0.00"
"2020-07-13 02:00:00","00:0f:00:70:91:0a","0.0065039466","74.1","0.0093118192","0.0251783866","19.0","0.00"
"2020-07-13 02:00:00","1c:bf:ce:15:ec:4d","0.0045785167","59.1","0.0072247182","0.0191993364","26.0","1.00"
"2020-07-13 02:00:00","b8:27:eb:bf:9d:51","0.0051937070","49.9","0.0079145297","0.0211636947","22.1","0.00"
"2020-07-13 03:00:00","00:0f:00:70:91:0a","0.0056038214","74.3","0.0083598290","0.0224390573","19.2","0.00"
"2020-07-13 03:00:00","1c:bf:ce:15:ec:4d","0.0045272086","59.5","0.0071660399","0.0190328256","25.6","1.00"
"2020-07-13 03:00:00","b8:27:eb:bf:9d:51","0.0050508819","51.6","0.0077565594","0.0207127433","22.1","0.00"
"2020-07-13 04:00:00","00:0f:00:70:91:0a","0.0050168472","74.9","0.0077180499","0.0206032535","19.3","0.00"
"2020-07-13 04:00:00","1c:bf:ce:15:ec:4d","0.0045607473","59.7","0.0072043167","0.0191414836","25.2","1.00"
"2020-07-13 04:00:00","b8:27:eb:bf:9d:51","0.0049943689","50.7","0.0076936655","0.0205334006","22.1","0.00"
"2020-07-13 05:00:00","00:0f:00:70:91:0a","0.0047265770","75.4","0.0073924936","0.0196762136","19.5","0.00"
"2020-07-13 05:00:00","1c:bf:ce:15:ec:4d","0.0045701331","59.8","0.0072150436","0.0191719267","24.9","1.00"
"2020-07-13 05:00:00","b8:27:eb:bf:9d:51","0.0050726396","50.8","0.0077806810","0.0207815733","22.1","0.00"
"2020-07-13 06:00:00","00:0f:00:70:91:0a","0.0044341708","75.2","0.0070584171","0.0187280461","19.4","0.00"
"2020-07-13 06:00:00","1c:bf:ce:15:ec:4d","0.0045675822","59.8","0.0072120723","0.0191635224","24.6","1.00"
"2020-07-13 06:00:00","b8:27:eb:bf:9d:51","0.0051212104","50.7","0.0078345432","0.0209352597","21.9","0.00"
"2020-07-13 07:00:00","00:0f:00:70:91:0a","0.0041362503","75.3","0.0067126751","0.0177495009","19.5","0.00"
"2020-07-13 07:00:00","1c:bf:ce:15:ec:4d","0.0046228321","59.7","0.0072750732","0.0193423929","24.2","1.00"
"2020-07-13 07:00:00","b8:27:eb:bf:9d:51","0.0051305639","51.1","0.0078448922","0.0209648009","21.8","0.00"
"2020-07-13 08:00:00","00:0f:00:70:91:0a","0.0039377065","75.4","0.0064780296","0.0170875390","19.5","0.00"
"2020-07-13 08:00:00","1c:bf:ce:15:ec:4d","0.0046959858","59.6","0.0073581946","0.0195785383","24.0","1.00"
"2020-07-13 08:00:00","b8:27:eb:bf:9d:51","0.0051232152","51.3","0.0078367624","0.0209415939","21.8","0.00"
"2020-07-13 09:00:00","00:0f:00:70:91:0a","0.0038695703","75.3","0.0063967923","0.0168587185","19.6","0.00"
"2020-07-13 09:00:00","1c:bf:ce:15:ec:4d","0.0046446339","59.6","0.0072999079","0.0194129160","23.8","1.00"
"2020-07-13 09:00:00","b8:27:eb:bf:9d:51","0.0051173341","51.5","0.0078302529","0.0209230141","21.7","0.00"
"2020-07-13 10:00:00","00:0f:00:70:91:0a","0.0037761416","72.2","0.0062846961","0.0165433317","19.7","0.00"
"2020-07-13 10:00:00","1c:bf:ce:15:ec:4d","0.0045458880","59.7","0.0071873036","0.0190932153","23.6","1.00"
"2020-07-13 10:00:00","b8:27:eb:bf:9d:51","0.0051063748","51.8","0.0078181207","0.0208883861","21.7","0.00"
"2020-07-13 11:00:00","00:0f:00:70:91:0a","0.0037505507","73.5","0.0062538956","0.0164567220","19.6","0.00"
"2020-07-13 11:00:00","1c:bf:ce:15:ec:4d","0.0045375433","59.7","0.0071777200","0.0190660406","23.6","1.00"
"2020-07-13 11:00:00","b8:27:eb:bf:9d:51","0.0051008504","52.1","0.0078120015","0.0208709224","21.6","0.00"
"2020-07-13 12:00:00","00:0f:00:70:91:0a","0.0037571712","69.6","0.0062618377","0.0164790678","19.6","0.00"
"2020-07-13 12:00:00","1c:bf:ce:15:ec:4d","0.0043839009","60.7","0.0070011806","0.0185654958","23.6","1.00"
"2020-07-13 12:00:00","b8:27:eb:bf:9d:51","0.0050953708","52.6","0.0078059297","0.0208535952","21.8","0.00"
"2020-07-13 13:00:00","00:0f:00:70:91:0a","0.0038065112","72.8","0.0063211656","0.0166459240","19.5","0.00"
"2020-07-13 13:00:00","1c:bf:ce:15:ec:4d","0.0044606025","63.6","0.0070894537","0.0188157066","23.4","1.00"
"2020-07-13 13:00:00","b8:27:eb:bf:9d:51","0.0051015083","51.8","0.0078127275","0.0208729958","21.9","0.00"
"2020-07-13 14:00:00","00:0f:00:70:91:0a","0.0039041254","74.7","0.0064381229","0.0169750682","19.4","0.00"
"2020-07-13 14:00:00","1c:bf:ce:15:ec:4d","0.0043495622","61.9","0.0069614390","0.0184529604","23.6","1.00"
"2020-07-13 14:00:00","b8:27:eb:bf:9d:51","0.0051354682","51.4","0.0078503116","0.0209802739","21.8","0.00"
"2020-07-13 15:00:00","00:0f:00:70:91:0a","0.0040483082","74.5","0.0066087101","0.0174562195","19.2","0.00"
"2020-07-13 15:00:00","1c:bf:ce:15:ec:4d","0.0042841775","61.8","0.0068856436","0.0182383950","23.9","1.00"
"2020-07-13 15:00:00","b8:27:eb:bf:9d:51","0.0051734989","51.0","0.0078923283","0.0211002412","21.9","0.00"
"2020-07-13 16:00:00","00:0f:00:70:91:0a","0.0047335656","75.3","0.0073996816","0.0196970169","19.2","0.00"
"2020-07-13 16:00:00","1c:bf:ce:15:ec:4d","0.0042161199","62.6","0.0068063569","0.0180141446","24.4","1.00"
"2020-07-13 16:00:00","b8:27:eb:bf:9d:51","0.0052036742","51.4","0.0079256022","0.0211952783","22.0","0.00"
"2020-07-13 17:00:00","00:0f:00:70:91:0a","0.0049432988","74.6","0.0076366761","0.0203709725","19.1","0.00"
"2020-07-13 17:00:00","1c:bf:ce:15:ec:4d","0.0042099092","62.3","0.0067990993","0.0179936288","24.8","1.00"
"2020-07-13 17:00:00","b8:27:eb:bf:9d:51","0.0051472664","50.8","0.0078633336","0.0210174612","22.1","0.00"
"2020-07-13 18:00:00","00:0f:00:70:91:0a","0.0048589506","74.8","0.0075421497","0.0201017632","19.1","0.00"
"2020-07-13 18:00:00","1c:bf:ce:15:ec:4d","0.0042328329","62.4","0.0068258517","0.0180692705","25.2","1.00"
"2020-07-13 18:00:00","b8:27:eb:bf:9d:51","0.0050959059","50.2","0.0078065223","0.0208552863","22.3","0.03"
"2020-07-13 19:00:00","00:0f:00:70:91:0a","0.0048588682","73.9","0.0075420725","0.0201015356","19.0","0.00"
"2020-07-13 19:00:00","1c:bf:ce:15:ec:4d","0.0041762508","62.3","0.0067593331","0.0178814366","25.4","1.00"
"2020-07-13 19:00:00","b8:27:eb:bf:9d:51","0.0051777542","52.9","0.0078969410","0.0211134565","22.0","0.13"
"2020-07-13 20:00:00","00:0f:00:70:91:0a","0.0044510806","74.6","0.0070678279","0.0187598478","19.0","0.05"
"2020-07-13 20:00:00","1c:bf:ce:15:ec:4d","0.0040645705","62.5","0.0066284652","0.0175116820","25.5","1.00"
"2020-07-13 20:00:00","b8:27:eb:bf:9d:51","0.0052339237","50.6","0.0079588788","0.0212903634","22.3","0.33"
"2020-07-13 21:00:00","00:0f:00:70:91:0a","0.0037486730","74.4","0.0062506630","0.0164481216","19.1","0.00"
"2020-07-13 21:00:00","1c:bf:ce:15:ec:4d","0.0040858935","62.2","0.0066535057","0.0175824043","25.8","1.00"
"2020-07-13 21:00:00","b8:27:eb:bf:9d:51","0.0052994544","49.3","0.0080308694","0.0214961204","22.4","0.32"
"2020-07-13 22:00:00","00:0f:00:70:91:0a","0.0040315393","74.2","0.0065890422","0.0174006591","19.2","0.00"
"2020-07-13 22:00:00","1c:bf:ce:15:ec:4d","0.0039844069","61.8","0.0065336409","0.0172442136","26.2","1.00"
"2020-07-13 22:00:00","b8:27:eb:bf:9d:51","0.0052521768","49.1","0.0079789686","0.0213477632","22.5","0.00"
"2020-07-13 23:00:00","00:0f:00:70:91:0a","0.0041506069","74.3","0.0067295316","0.0177971104","19.1","0.00"
"2020-07-13 23:00:00","1c:bf:ce:15:ec:4d","0.0040436271","58.2","0.0066037045","0.0174418337","26.0","1.00"
"2020-07-13 23:00:00","b8:27:eb:bf:9d:51","0.0052218676","49.1","0.0079456385","0.0212525190","22.6","0.00"
"2020-07-14 00:00:00","00:0f:00:70:91:0a","0.0041123283","74.5","0.0066844061","0.0176697491","19.2","0.00"
"2020-07-14 00:00:00","1c:bf:ce:15:ec:4d","0.0041013717","58.2","0.0066718052","0.0176340260","25.6","1.00"
"2020-07-14 00:00:00","b8:27:eb:bf:9d:51","0.0052273466","49.3","0.0079516677","0.0212697460","22.7","0.00"
"2020-07-14 01:00:00","00:0f:00:70:91:0a","0.0040724508","74.8","0.0066374881","0.0175372824","19.4","0.03"
"2020-07-14 01:00:00","1c:bf:ce:15:ec:4d","0.0043279043","58.6","0.0069361310","0.0183814194","24.5","1.00"
"2020-07-14 01:00:00","b8:27:eb:bf:9d:51","0.0051876562","50.0","0.0079079449","0.0211448425","23.0","0.00"
"2020-07-14 02:00:00","00:0f:00:70:91:0a","0.0038874331","74.6","0.0064149876","0.0169115432","19.8","0.00"
"2020-07-14 02:00:00","1c:bf:ce:15:ec:4d","0.0046880631","64.1","0.0073490148","0.0195525487","23.5","1.00"
"2020-07-14 02:00:00","b8:27:eb:bf:9d:51","0.0050833216","49.9","0.0077923006","0.0208148428","23.0","0.00"
"2020-07-14 03:00:00","00:0f:00:70:91:0a","0.0032028025","74.5","0.0055786346","0.0145660419","19.7","0.00"
"2020-07-14 03:00:00","1c:bf:ce:15:ec:4d","0.0049911543","67.5","0.0076895271","0.0205218897","22.8","1.00"
"2020-07-14 03:00:00","b8:27:eb:bf:9d:51","0.0049515162","50.4","0.0076458723","0.0203971697","23.1","0.00"
"2020-07-14 04:00:00","00:0f:00:70:91:0a","0.0035265766","74.7","0.0059812508","0.0156916060","19.7","0.00"
"2020-07-14 04:00:00","1c:bf:ce:15:ec:4d","0.0047617999","60.4","0.0074327533","0.0197904706","23.9","1.00"
"2020-07-14 04:00:00","b8:27:eb:bf:9d:51","0.0049349732","49.8","0.0076273853","0.0203444924","22.7","0.00"
"2020-07-14 05:00:00","00:0f:00:70:91:0a","0.0036900844","75.7","0.0061807068","0.0162511254","19.8","0.00"
"2020-07-14 05:00:00","1c:bf:ce:15:ec:4d","0.0046228096","59.5","0.0072751749","0.0193426175","23.9","1.00"
"2020-07-14 05:00:00","b8:27:eb:bf:9d:51","0.0049234583","51.3","0.0076144676","0.0203077099","22.7","0.00"
"2020-07-14 06:00:00","00:0f:00:70:91:0a","0.0037290975","76.4","0.0062280022","0.0163839472","19.9","0.00"
"2020-07-14 06:00:00","1c:bf:ce:15:ec:4d","0.0045225992","59.2","0.0071607558","0.0190178371","23.6","1.00"
"2020-07-14 06:00:00","b8:27:eb:bf:9d:51","0.0049171070","52.3","0.0076073356","0.0202874053","22.5","0.00"
"2020-07-14 07:00:00","00:0f:00:70:91:0a","0.0038106185","76.9","0.0063260481","0.0166596840","19.9","0.00"
"2020-07-14 07:00:00","1c:bf:ce:15:ec:4d","0.0045434834","59.2","0.0071846153","0.0190855555","23.4","1.00"
"2020-07-14 07:00:00","b8:27:eb:bf:9d:51","0.0048724640","53.1","0.0075573694","0.0201450703","22.4","0.00"
"2020-07-14 08:00:00","00:0f:00:70:91:0a","0.0042662775","77.1","0.0068622737","0.0181735664","20.0","0.00"
"2020-07-14 08:00:00","1c:bf:ce:15:ec:4d","0.0043982939","59.2","0.0070176916","0.0186123234","23.1","1.00"
"2020-07-14 08:00:00","b8:27:eb:bf:9d:51","0.0048831661","53.6","0.0075693556","0.0201792103","22.3","0.00"
"2020-07-14 09:00:00","00:0f:00:70:91:0a","0.0041166979","77.2","0.0066894994","0.0176841535","20.0","0.00"
"2020-07-14 09:00:00","1c:bf:ce:15:ec:4d","0.0043271195","59.3","0.0069354027","0.0183792659","22.8","1.00"
"2020-07-14 09:00:00","b8:27:eb:bf:9d:51","0.0049800216","54.0","0.0076776838","0.0204878358","22.2","0.00"
"2020-07-14 10:00:00","00:0f:00:70:91:0a","0.0039184670","70.2","0.0064551903","0.0170231578","20.0","0.00"
"2020-07-14 10:00:00","1c:bf:ce:15:ec:4d","0.0042421901","59.4","0.0068367535","0.0181001042","22.6","1.00"
"2020-07-14 10:00:00","b8:27:eb:bf:9d:51","0.0050015746","54.4","0.0077017139","0.0205563359","22.0","0.00"
"2020-07-14 11:00:00","00:0f:00:70:91:0a","0.0037338688","75.9","0.0062331231","0.0163986596","19.9","0.00"
"2020-07-14 11:00:00","1c:bf:ce:15:ec:4d","0.0042904142","59.4","0.0068929120","0.0182589513","22.8","1.00"
"2020-07-14 11:00:00","b8:27:eb:bf:9d:51","0.0050205837","53.5","0.0077228743","0.0206166725","22.0","0.00"
"2020-07-14 12:00:00","00:0f:00:70:91:0a","0.0035389919","73.7","0.0059964430","0.0157341997","19.8","0.00"
"2020-07-14 12:00:00","1c:bf:ce:15:ec:4d","0.0042827716","65.2","0.0068840154","0.0182337852","23.5","1.00"
"2020-07-14 12:00:00","b8:27:eb:bf:9d:51","0.0049866075","53.6","0.0076849945","0.0205086920","22.2","0.00"
"2020-07-14 13:00:00","00:0f:00:70:91:0a","0.0037968999","76.5","0.0063089921","0.0166119971","19.6","0.00"
"2020-07-14 13:00:00","1c:bf:ce:15:ec:4d","0.0043208072","65.7","0.0069281714","0.0183587519","24.4","1.00"
"2020-07-14 13:00:00","b8:27:eb:bf:9d:51","0.0049188330","53.5","0.0076092930","0.0202929683","22.3","0.00"
"2020-07-14 14:00:00","00:0f:00:70:91:0a","0.0039957057","76.2","0.0065467682","0.0172813612","19.5","0.00"
"2020-07-14 14:00:00","1c:bf:ce:15:ec:4d","0.0045267313","63.6","0.0071653488","0.0190309381","25.1","1.00"
"2020-07-14 14:00:00","b8:27:eb:bf:9d:51","0.0048163020","52.3","0.0074941138","0.0199650807","22.4","0.00"
"2020-07-14 15:00:00","00:0f:00:70:91:0a","0.0041875422","76.0","0.0067724710","0.0179186030","19.4","0.00"
"2020-07-14 15:00:00","1c:bf:ce:15:ec:4d","0.0046880782","60.7","0.0073492023","0.0195529952","25.6","1.00"
"2020-07-14 15:00:00","b8:27:eb:bf:9d:51","0.0049589964","51.7","0.0076541384","0.0204207705","22.4","0.00"
"2020-07-14 16:00:00","00:0f:00:70:91:0a","0.0045283164","75.8","0.0071670514","0.0190358256","19.4","0.00"
"2020-07-14 16:00:00","1c:bf:ce:15:ec:4d","0.0046881782","60.0","0.0073493713","0.0195534472","25.6","1.00"
"2020-07-14 16:00:00","b8:27:eb:bf:9d:51","0.0049712106","51.4","0.0076678578","0.0204598273","22.7","0.00"
"2020-07-14 17:00:00","00:0f:00:70:91:0a","0.0046704767","75.3","0.0073290297","0.0194957729","19.2","0.00"
"2020-07-14 17:00:00","1c:bf:ce:15:ec:4d","0.0046268379","58.0","0.0072797863","0.0193557010","25.9","1.00"
"2020-07-14 17:00:00","b8:27:eb:bf:9d:51","0.0050219797","50.6","0.0077244114","0.0206210638","22.7","0.00"
"2020-07-14 18:00:00","00:0f:00:70:91:0a","0.0043950132","74.9","0.0070048695","0.0185805984","19.4","0.10"
"2020-07-14 18:00:00","1c:bf:ce:15:ec:4d","0.0047118846","54.4","0.0073762923","0.0196299371","26.3","1.00"
"2020-07-14 18:00:00","b8:27:eb:bf:9d:51","0.0050168625","50.6","0.0077185510","0.0206044370","22.6","0.25"
"2020-07-14 19:00:00","00:0f:00:70:91:0a","0.0042058505","73.5","0.0067582473","0.0178965241","19.5","0.00"
"2020-07-14 19:00:00","1c:bf:ce:15:ec:4d","0.0047992470","54.1","0.0074748149","0.0199102125","26.6","1.00"
"2020-07-14 19:00:00","b8:27:eb:bf:9d:51","0.0050682472","50.2","0.0077758015","0.0207676550","22.6","1.00"
"2020-07-14 20:00:00","00:0f:00:70:91:0a","0.0034212190","74.5","0.0058242017","0.0152651913","19.2","0.00"
"2020-07-14 20:00:00","1c:bf:ce:15:ec:4d","0.0046760132","50.8","0.0073356809","0.0195144865","27.1","1.00"
"2020-07-14 20:00:00","b8:27:eb:bf:9d:51","0.0051751937","49.6","0.0078941896","0.0211055612","22.9","0.10"
"2020-07-14 21:00:00","00:0f:00:70:91:0a","0.0035241962","74.0","0.0059763834","0.0156789414","19.3","0.02"
"2020-07-14 21:00:00","1c:bf:ce:15:ec:4d","0.0046643810","50.1","0.0073224691","0.0194769494","25.4","1.00"
"2020-07-14 21:00:00","b8:27:eb:bf:9d:51","0.0052682540","48.0","0.0079966089","0.0213981923","22.8","0.00"
"2020-07-14 22:00:00","00:0f:00:70:91:0a","0.0039409138","73.0","0.0064813259","0.0170970880","19.0","0.00"
"2020-07-14 22:00:00","1c:bf:ce:15:ec:4d","0.0046816792","48.4","0.0073421045","0.0195327430","21.9","1.00"
"2020-07-14 22:00:00","b8:27:eb:bf:9d:51","0.0052424154","47.5","0.0079654083","0.0213104760","22.6","0.00"
"2020-07-14 23:00:00","00:0f:00:70:91:0a","0.0043700536","73.3","0.0069841498","0.0185177774","19.0","0.00"
"2020-07-14 23:00:00","1c:bf:ce:15:ec:4d","0.0048275533","50.3","0.0075066995","0.0200009361","27.0","1.00"
"2020-07-14 23:00:00","b8:27:eb:bf:9d:51","0.0052680571","48.4","0.0079957711","0.0213961194","23.1","0.00"
"2020-07-15 00:00:00","00:0f:00:70:91:0a","0.0047646444","73.6","0.0074355145","0.0197985525","19.2","0.00"
"2020-07-15 00:00:00","1c:bf:ce:15:ec:4d","0.0048330981","52.5","0.0075131326","0.0200191459","26.6","1.00"
"2020-07-15 00:00:00","b8:27:eb:bf:9d:51","0.0052759699","48.2","0.0080043564","0.0214207090","22.9","0.00"
"2020-07-15 01:00:00","00:0f:00:70:91:0a","0.0049271679","73.7","0.0076186075","0.0203195089","19.1","0.00"
"2020-07-15 01:00:00","1c:bf:ce:15:ec:4d","0.0046761611","57.8","0.0073357472","0.0195147263","25.5","1.00"
"2020-07-15 01:00:00","b8:27:eb:bf:9d:51","0.0052601435","50.5","0.0079864588","0.0213698184","23.0","0.00"
"2020-07-15 02:00:00","00:0f:00:70:91:0a","0.0050514027","73.5","0.0077568164","0.0207136396","19.1","0.00"
"2020-07-15 02:00:00","1c:bf:ce:15:ec:4d","0.0044859445","53.5","0.0071183894","0.0188978407","26.8","1.00"
"2020-07-15 02:00:00","b8:27:eb:bf:9d:51","0.0052598097","50.7","0.0079856368","0.0213677057","22.7","0.00"
"2020-07-15 03:00:00","00:0f:00:70:91:0a","0.0042809734","74.2","0.0068764280","0.0182150867","19.4","0.00"
"2020-07-15 03:00:00","1c:bf:ce:15:ec:4d","0.0042990027","53.1","0.0069028438","0.0182870790","26.7","1.00"
"2020-07-15 03:00:00","b8:27:eb:bf:9d:51","0.0052844034","48.1","0.0080143120","0.0214488095","22.9","0.00"
"2020-07-15 04:00:00","00:0f:00:70:91:0a","0.0033240465","74.3","0.0057278018","0.0149838549","19.6","0.00"
"2020-07-15 04:00:00","1c:bf:ce:15:ec:4d","0.0042018384","53.7","0.0067894635","0.0179664934","26.3","1.00"
"2020-07-15 04:00:00","b8:27:eb:bf:9d:51","0.0052488103","49.8","0.0079751267","0.0213368579","22.8","0.00"
"2020-07-15 05:00:00","00:0f:00:70:91:0a","0.0037060630","74.7","0.0061571864","0.0162063371","19.6","0.00"
"2020-07-15 05:00:00","1c:bf:ce:15:ec:4d","0.0040699779","54.3","0.0066348572","0.0175297139","25.7","1.00"
"2020-07-15 05:00:00","b8:27:eb:bf:9d:51","0.0052730011","49.7","0.0080018314","0.0214131150","22.7","0.00"
"2020-07-15 06:00:00","00:0f:00:70:91:0a","0.0026540263","75.0","0.0048694104","0.0125969229","19.7","0.00"
"2020-07-15 06:00:00","1c:bf:ce:15:ec:4d","0.0040474071","54.4","0.0066082291","0.0174545691","25.3","1.00"
"2020-07-15 06:00:00","b8:27:eb:bf:9d:51","0.0051852865","50.1","0.0079053260","0.0211373655","22.6","0.00"
"2020-07-15 07:00:00","00:0f:00:70:91:0a","0.0026113555","75.3","0.0048129523","0.0124408231","19.8","0.00"
"2020-07-15 07:00:00","1c:bf:ce:15:ec:4d","0.0040523799","54.7","0.0066140975","0.0174711290","24.8","1.00"
"2020-07-15 07:00:00","b8:27:eb:bf:9d:51","0.0051219903","50.4","0.0078353939","0.0209376944","22.6","0.00"
"2020-07-15 08:00:00","00:0f:00:70:91:0a","0.0026446891","75.2","0.0048571477","0.0125629729","19.8","0.00"
"2020-07-15 08:00:00","1c:bf:ce:15:ec:4d","0.0040500456","54.9","0.0066112298","0.0174630935","24.4","1.00"
"2020-07-15 08:00:00","b8:27:eb:bf:9d:51","0.0050849154","51.0","0.0077943376","0.0208205179","22.4","0.00"
"2020-07-15 09:00:00","00:0f:00:70:91:0a","0.0028066328","73.1","0.0050705616","0.0131534567","19.9","0.00"
"2020-07-15 09:00:00","1c:bf:ce:15:ec:4d","0.0040359163","55.2","0.0065946479","0.0174162555","24.0","1.00"
"2020-07-15 09:00:00","b8:27:eb:bf:9d:51","0.0050497489","52.2","0.0077553073","0.0207091682","22.3","0.00"
"2020-07-15 10:00:00","00:0f:00:70:91:0a","0.0028686843","64.7","0.0051514793","0.0133777641","19.8","0.00"
"2020-07-15 10:00:00","1c:bf:ce:15:ec:4d","0.0040472275","55.3","0.0066080185","0.0174539743","23.7","1.00"
"2020-07-15 10:00:00","b8:27:eb:bf:9d:51","0.0050173879","52.9","0.0077193204","0.0206065369","22.2","0.00"
"2020-07-15 11:00:00","00:0f:00:70:91:0a","0.0028968317","71.8","0.0051878671","0.0134787892","19.8","0.00"
"2020-07-15 11:00:00","1c:bf:ce:15:ec:4d","0.0040419606","55.3","0.0066017786","0.0174363784","23.7","1.00"
"2020-07-15 11:00:00","b8:27:eb:bf:9d:51","0.0050149246","52.9","0.0077165781","0.0205987178","22.1","0.00"
"2020-07-15 12:00:00","00:0f:00:70:91:0a","0.0028034138","75.2","0.0050662777","0.0131416245","19.7","0.00"
"2020-07-15 12:00:00","1c:bf:ce:15:ec:4d","0.0039932463","59.7","0.0065440960","0.0172737046","24.3","1.00"
"2020-07-15 12:00:00","b8:27:eb:bf:9d:51","0.0050059592","52.7","0.0077065969","0.0205702579","22.4","0.00"
"2020-07-15 13:00:00","00:0f:00:70:91:0a","0.0026416068","75.4","0.0048530700","0.0125516983","19.6","0.00"
"2020-07-15 13:00:00","1c:bf:ce:15:ec:4d","0.0040441343","63.7","0.0066043327","0.0174435913","25.3","1.00"
"2020-07-15 13:00:00","b8:27:eb:bf:9d:51","0.0049878123","52.1","0.0076863777","0.0205126147","22.6","0.00"
"2020-07-15 14:00:00","00:0f:00:70:91:0a","0.0027589313","75.2","0.0050079046","0.0129799931","19.5","0.00"
"2020-07-15 14:00:00","1c:bf:ce:15:ec:4d","0.0039763448","61.2","0.0065240332","0.0172171495","25.9","1.00"
"2020-07-15 14:00:00","b8:27:eb:bf:9d:51","0.0050180336","52.3","0.0077200071","0.0206085113","22.7","0.00"
"2020-07-15 15:00:00","00:0f:00:70:91:0a","0.0026950446","74.6","0.0049233334","0.0127461853","19.3","0.00"
"2020-07-15 15:00:00","1c:bf:ce:15:ec:4d","0.0039545281","53.6","0.0064980604","0.0171439723","27.0","1.00"
"2020-07-15 15:00:00","b8:27:eb:bf:9d:51","0.0050473985","51.7","0.0077526898","0.0207017053","22.6","0.00"
"2020-07-15 16:00:00","00:0f:00:70:91:0a","0.0027098707","74.5","0.0049178047","0.0127427734","19.2","0.00"
"2020-07-15 16:00:00","1c:bf:ce:15:ec:4d","0.0039605209","55.3","0.0065052884","0.0171642900","27.3","1.00"
"2020-07-15 16:00:00","b8:27:eb:bf:9d:51","0.0050217633","51.5","0.0077241908","0.0206204244","22.5","0.00"
"2020-07-15 17:00:00","00:0f:00:70:91:0a","0.0025769532","74.5","0.0047615031","0.0123013988","19.1","0.00"
"2020-07-15 17:00:00","1c:bf:ce:15:ec:4d","0.0038890351","56.8","0.0064201121","0.0169243468","27.7","1.00"
"2020-07-15 17:00:00","b8:27:eb:bf:9d:51","0.0050465114","51.1","0.0077517086","0.0206989044","22.7","0.00"
"2020-07-15 18:00:00","00:0f:00:70:91:0a","0.0027239271","74.5","0.0049615567","0.0128518633","19.1","0.00"
"2020-07-15 18:00:00","1c:bf:ce:15:ec:4d","0.0038320987","54.3","0.0063519372","0.0167324650","28.3","1.00"
"2020-07-15 18:00:00","b8:27:eb:bf:9d:51","0.0050739807","50.7","0.0077822101","0.0207859150","22.7","0.00"
"2020-07-15 19:00:00","00:0f:00:70:91:0a","0.0028756061","74.6","0.0051598580","0.0134013102","19.0","0.00"
"2020-07-15 19:00:00","1c:bf:ce:15:ec:4d","0.0038421237","50.3","0.0063637589","0.0167658294","29.0","1.00"
"2020-07-15 19:00:00","b8:27:eb:bf:9d:51","0.0051062351","50.1","0.0078179645","0.0208879409","22.8","0.00"
"2020-07-15 20:00:00","00:0f:00:70:91:0a","0.0029757659","74.4","0.0052891321","0.0137603210","19.0","0.00"
"2020-07-15 20:00:00","1c:bf:ce:15:ec:4d","0.0038292194","49.6","0.0063484368","0.0167226395","29.4","1.00"
"2020-07-15 20:00:00","b8:27:eb:bf:9d:51","0.0050925515","49.8","0.0078028012","0.0208446697","23.7","0.00"
"2020-07-15 21:00:00","00:0f:00:70:91:0a","0.0032509788","73.5","0.0056358344","0.0147273038","18.8","0.00"
"2020-07-15 21:00:00","1c:bf:ce:15:ec:4d","0.0038244075","51.9","0.0063425745","0.0167061902","29.8","1.00"
"2020-07-15 21:00:00","b8:27:eb:bf:9d:51","0.0051057053","47.1","0.0078173300","0.0208861545","23.7","0.00"
"2020-07-15 22:00:00","00:0f:00:70:91:0a","0.0055221581","73.1","0.0082228141","0.0220712876","20.8","0.03"
"2020-07-15 22:00:00","1c:bf:ce:15:ec:4d","0.0037831332","53.2","0.0062931890","0.0165671745","23.5","1.00"
"2020-07-15 22:00:00","b8:27:eb:bf:9d:51","0.0054918422","50.8","0.0082393837","0.0220935151","23.4","0.00"
"2020-07-15 23:00:00","00:0f:00:70:91:0a","0.0052751951","73.5","0.0079767129","0.0213554629","19.8","0.00"
"2020-07-15 23:00:00","1c:bf:ce:15:ec:4d","0.0038895483","54.8","0.0064202531","0.0169249803","27.2","1.00"
"2020-07-15 23:00:00","b8:27:eb:bf:9d:51","0.0057569087","47.0","0.0085265370","0.0229162757","23.1","0.00"
"2020-07-16 00:00:00","00:0f:00:70:91:0a","0.0069900710","73.8","0.0097788580","0.0265462276","18.8","0.10"
"2020-07-16 00:00:00","1c:bf:ce:15:ec:4d","0.0039475030","55.3","0.0064897096","0.0171204381","29.2","1.00"
"2020-07-16 00:00:00","b8:27:eb:bf:9d:51","0.0055870848","47.4","0.0083438335","0.0223921384","23.0","0.00"
"2020-07-16 01:00:00","00:0f:00:70:91:0a","0.0054830368","69.1","0.0082140626","0.0220290235","18.7","0.00"
"2020-07-16 01:00:00","1c:bf:ce:15:ec:4d","0.0038896502","55.4","0.0064208631","0.0169264532","28.6","1.00"
"2020-07-16 01:00:00","b8:27:eb:bf:9d:51","0.0054755572","47.4","0.0082230338","0.0220460070","22.9","0.00"
"2020-07-16 02:00:00","00:0f:00:70:91:0a","0.0040958481","73.7","0.0066651163","0.0176152368","18.8","0.00"
"2020-07-16 02:00:00","1c:bf:ce:15:ec:4d","0.0038680244","55.2","0.0063950222","0.0168536959","27.9","1.00"
"2020-07-16 02:00:00","b8:27:eb:bf:9d:51","0.0054196756","47.2","0.0081622507","0.0218719741","22.9","0.00"
"2020-07-16 03:00:00","00:0f:00:70:91:0a","0.0041383023","74.3","0.0067151536","0.0177564662","18.8","0.00"
"2020-07-16 03:00:00","1c:bf:ce:15:ec:4d","0.0038785039","55.4","0.0064075520","0.0168889707","27.3","1.00"
"2020-07-16 03:00:00","b8:27:eb:bf:9d:51","0.0053956129","47.2","0.0081360184","0.0217968965","22.8","0.00"
"2020-07-16 04:00:00","00:0f:00:70:91:0a","0.0040431692","74.4","0.0066028212","0.0174395139","19.0","0.00"
"2020-07-16 04:00:00","1c:bf:ce:15:ec:4d","0.0038754795","55.7","0.0064039413","0.0168788029","26.8","1.00"
"2020-07-16 04:00:00","b8:27:eb:bf:9d:51","0.0053828398","50.4","0.0081220793","0.0217570096","22.9","0.00"
"2020-07-16 05:00:00","00:0f:00:70:91:0a","0.0042657654","73.9","0.0068631311","0.0181752563","19.3","0.00"
"2020-07-16 05:00:00","1c:bf:ce:15:ec:4d","0.0039150211","55.6","0.0064511401","0.0170117204","26.3","1.00"
"2020-07-16 05:00:00","b8:27:eb:bf:9d:51","0.0054160472","49.3","0.0081582928","0.0218606476","22.8","0.00"
"2020-07-16 06:00:00","00:0f:00:70:91:0a","0.0044054779","73.3","0.0070252504","0.0186341087","19.4","0.00"
"2020-07-16 06:00:00","1c:bf:ce:15:ec:4d","0.0039438381","55.6","0.0064854637","0.0171084169","25.8","1.00"
"2020-07-16 06:00:00","b8:27:eb:bf:9d:51","0.0054751831","47.9","0.0082225920","0.0220447598","22.6","0.00"
"2020-07-16 07:00:00","00:0f:00:70:91:0a","0.0041339062","73.5","0.0067099092","0.0177416958","19.3","0.00"
"2020-07-16 07:00:00","1c:bf:ce:15:ec:4d","0.0039172493","55.6","0.0064538060","0.0170192248","25.5","1.00"
"2020-07-16 07:00:00","b8:27:eb:bf:9d:51","0.0064076050","48.1","0.0092095914","0.0248844007","22.6","0.00"
"2020-07-16 08:00:00","00:0f:00:70:91:0a","0.0039545122","73.5","0.0064977691","0.0171432881","19.2","0.00"
"2020-07-16 08:00:00","1c:bf:ce:15:ec:4d","0.0038952770","55.4","0.0064275967","0.0169454072","25.1","1.00"
"2020-07-16 08:00:00","b8:27:eb:bf:9d:51","0.0064060825","48.3","0.0092117146","0.0248886095","22.4","0.00"
"2020-07-16 09:00:00","00:0f:00:70:91:0a","0.0036680718","73.8","0.0061536322","0.0161752855","19.3","0.00"
"2020-07-16 09:00:00","1c:bf:ce:15:ec:4d","0.0038924662","55.4","0.0064242435","0.0169359633","24.8","1.00"
"2020-07-16 09:00:00","b8:27:eb:bf:9d:51","0.0062857598","48.8","0.0090862593","0.0245266886","22.4","0.00"
"2020-07-16 10:00:00","00:0f:00:70:91:0a","0.0031384419","73.8","0.0054964698","0.0143374093","19.3","0.00"
"2020-07-16 10:00:00","1c:bf:ce:15:ec:4d","0.0039024796","55.3","0.0064361934","0.0169696170","24.6","1.00"
"2020-07-16 10:00:00","b8:27:eb:bf:9d:51","0.0062294501","48.9","0.0090273179","0.0243567691","22.3","0.00"
"2020-07-16 11:00:00","00:0f:00:70:91:0a","0.0029686186","73.7","0.0052805586","0.0137361879","19.2","0.00"
"2020-07-16 11:00:00","1c:bf:ce:15:ec:4d","0.0039244397","55.3","0.0064623643","0.0170433382","24.7","1.00"
"2020-07-16 11:00:00","b8:27:eb:bf:9d:51","0.0061193806","49.2","0.0089115623","0.0240233419","22.4","0.00"
"2020-07-16 12:00:00","00:0f:00:70:91:0a","0.0027772764","73.5","0.0050318801","0.0130464283","19.2","0.00"
"2020-07-16 12:00:00","1c:bf:ce:15:ec:4d","0.0039043752","55.6","0.0064384517","0.0169759788","25.2","1.00"
"2020-07-16 12:00:00","b8:27:eb:bf:9d:51","0.0060461542","49.1","0.0088343766","0.0238011038","22.6","0.00"
"2020-07-16 13:00:00","00:0f:00:70:91:0a","0.0025775226","72.9","0.0047675913","0.0123157011","19.1","0.15"
"2020-07-16 13:00:00","1c:bf:ce:15:ec:4d","0.0038692697","56.6","0.0063964764","0.0168578074","25.7","1.00"
"2020-07-16 13:00:00","b8:27:eb:bf:9d:51","0.0062402750","49.8","0.0090386600","0.0243894609","22.4","0.00"
"2020-07-16 14:00:00","00:0f:00:70:91:0a","0.0025723493","72.4","0.0047569934","0.0122881431","19.1","1.00"
"2020-07-16 14:00:00","1c:bf:ce:15:ec:4d","0.0037850730","58.1","0.0062955081","0.0165737036","26.2","1.00"
"2020-07-16 14:00:00","b8:27:eb:bf:9d:51","0.0062805475","50.3","0.0090808187","0.0245109962","22.2","0.00"
"2020-07-16 15:00:00","00:0f:00:70:91:0a","0.0027444255","72.4","0.0049885818","0.0129266317","19.1","1.00"
"2020-07-16 15:00:00","1c:bf:ce:15:ec:4d","0.0037231083","58.6","0.0062207730","0.0163636293","26.5","1.00"
"2020-07-16 15:00:00","b8:27:eb:bf:9d:51","0.0062820689","50.5","0.0090823399","0.0245154183","22.1","0.00"
"2020-07-16 16:00:00","00:0f:00:70:91:0a","0.0029763824","72.5","0.0052905392","0.0137639251","19.1","0.97"
"2020-07-16 16:00:00","1c:bf:ce:15:ec:4d","0.0036855636","59.5","0.0061753308","0.0162359754","26.7","1.00"
"2020-07-16 16:00:00","b8:27:eb:bf:9d:51","0.0062119184","50.7","0.0090089316","0.0243037822","21.9","0.00"
"2020-07-16 17:00:00","00:0f:00:70:91:0a","0.0031441406","73.2","0.0055042158","0.0143587335","19.1","0.10"
"2020-07-16 17:00:00","1c:bf:ce:15:ec:4d","0.0036547673","62.0","0.0061379781","0.0161310853","26.6","1.00"
"2020-07-16 17:00:00","b8:27:eb:bf:9d:51","0.0062007439","51.1","0.0089972098","0.0242700030","21.9","0.00"
"2020-07-16 18:00:00","00:0f:00:70:91:0a","0.0028264984","75.2","0.0050921073","0.0132153390","19.5","0.03"
"2020-07-16 18:00:00","1c:bf:ce:15:ec:4d","0.0036580706","62.4","0.0061419620","0.0161422839","26.3","1.00"
"2020-07-16 18:00:00","b8:27:eb:bf:9d:51","0.0062511646","51.4","0.0090500336","0.0244222622","21.7","0.00"
"2020-07-16 19:00:00","00:0f:00:70:91:0a","0.0019931289","76.2","0.0039566321","0.0100925608","19.5","0.00"
"2020-07-16 19:00:00","1c:bf:ce:15:ec:4d","0.0036815706","62.4","0.0061704584","0.0162223079","26.1","1.00"
"2020-07-16 19:00:00","b8:27:eb:bf:9d:51","0.0061987594","51.6","0.0089951265","0.0242640001","21.8","0.00"
"2020-07-16 20:00:00","00:0f:00:70:91:0a","0.0019053083","76.6","0.0038304284","0.0097487378","19.6","0.03"
"2020-07-16 20:00:00","1c:bf:ce:15:ec:4d","0.0037798025","83.7","0.0062887126","0.0165548213","24.8","1.00"
"2020-07-16 20:00:00","b8:27:eb:bf:9d:51","0.0061750120","50.9","0.0089701860","0.0241921431","21.8","0.00"
"2020-07-16 21:00:00","00:0f:00:70:91:0a","0.0021996485","75.1","0.0042477346","0.0108883603","20.0","0.00"
"2020-07-16 21:00:00","1c:bf:ce:15:ec:4d","0.0039926947","90.1","0.0065432773","0.0172714791","24.1","1.00"
"2020-07-16 21:00:00","b8:27:eb:bf:9d:51","0.0064954300","51.3","0.0093025567","0.0251518610","22.0","0.00"
"2020-07-16 22:00:00","00:0f:00:70:91:0a","0.0031113856","74.4","0.0054623552","0.0142422783","19.6","0.00"
"2020-07-16 22:00:00","1c:bf:ce:15:ec:4d","0.0041245650","84.5","0.0066989208","0.0177106701","23.8","1.00"
"2020-07-16 22:00:00","b8:27:eb:bf:9d:51","0.0049671696","52.1","0.0075599087","0.0202046282","21.8","0.00"
"2020-07-16 23:00:00","00:0f:00:70:91:0a","0.0025786932","74.4","0.0047653586","0.0123113993","19.6","0.03"
"2020-07-16 23:00:00","1c:bf:ce:15:ec:4d","0.0042272420","70.2","0.0068189297","0.0180498986","23.6","1.00"
"2020-07-16 23:00:00","b8:27:eb:bf:9d:51","0.0070193837","51.4","0.0098077990","0.0266309853","21.9","0.00"
"2020-07-17 00:00:00","00:0f:00:70:91:0a","0.0020696607","74.6","0.0040666614","0.0103923047","19.7","0.00"
"2020-07-17 00:00:00","1c:bf:ce:15:ec:4d","0.0042474232","71.6","0.0068427445","0.0181171021","23.5","1.00"
"2020-07-17 00:00:00","b8:27:eb:bf:9d:51","0.0068683690","51.8","0.0096876852","0.0262648029","22.0","0.00"
"2020-07-17 01:00:00","00:0f:00:70:91:0a","0.0019151497","74.5","0.0038457746","0.0097899579","19.7","0.00"
"2020-07-17 01:00:00","1c:bf:ce:15:ec:4d","0.0040766254","84.5","0.0066424098","0.0175511728","23.9","1.00"
"2020-07-17 01:00:00","b8:27:eb:bf:9d:51","0.0065114496","51.3","0.0093209839","0.0252041402","22.1","0.00"
"2020-07-17 02:00:00","00:0f:00:70:91:0a","0.0018434608","74.8","0.0037408893","0.0095051168","19.7","0.00"
"2020-07-17 02:00:00","1c:bf:ce:15:ec:4d","0.0038855740","81.8","0.0064157138","0.0169120951","24.0","1.00"
"2020-07-17 02:00:00","b8:27:eb:bf:9d:51","0.0063079952","51.2","0.0091094683","0.0245936302","22.2","0.00"
"2020-07-17 03:00:00","00:0f:00:70:91:0a","0.0017248536","74.7","0.0035654392","0.0090295740","19.8","0.00"
"2020-07-17 03:00:00","1c:bf:ce:15:ec:4d","0.0038356734","80.3","0.0063562110","0.0167444972","23.9","1.00"
"2020-07-17 03:00:00","b8:27:eb:bf:9d:51","0.0061783153","50.9","0.0089736384","0.0242020986","22.4","0.00"
"2020-07-17 04:00:00","00:0f:00:70:91:0a","0.0016807871","74.8","0.0034992164","0.0088505869","19.8","0.00"
"2020-07-17 04:00:00","1c:bf:ce:15:ec:4d","0.0037836226","79.4","0.0062936909","0.0165686295","23.8","1.00"
"2020-07-17 04:00:00","b8:27:eb:bf:9d:51","0.0060820818","50.9","0.0088723005","0.0239102693","22.4","0.00"
"2020-07-17 05:00:00","00:0f:00:70:91:0a","0.0016288930","75.3","0.0034208286","0.0086389141","19.9","0.00"
"2020-07-17 05:00:00","1c:bf:ce:15:ec:4d","0.0037289376","78.8","0.0062277383","0.0163832409","23.7","1.00"
"2020-07-17 05:00:00","b8:27:eb:bf:9d:51","0.0060060061","51.4","0.0087918956","0.0236788731","22.4","0.00"
"2020-07-17 06:00:00","00:0f:00:70:91:0a","0.0015813729","75.0","0.0033483098","0.0084434465","19.8","0.00"
"2020-07-17 06:00:00","1c:bf:ce:15:ec:4d","0.0036916606","78.1","0.0061826618","0.0162565935","23.7","1.00"
"2020-07-17 06:00:00","b8:27:eb:bf:9d:51","0.0059654086","51.2","0.0087488666","0.0235551028","22.2","0.00"
"2020-07-17 07:00:00","00:0f:00:70:91:0a","0.0015033692","75.2","0.0032280162","0.0081198123","19.8","0.00"
"2020-07-17 07:00:00","1c:bf:ce:15:ec:4d","0.0036252205","77.3","0.0061019222","0.0160299465","23.7","1.00"
"2020-07-17 07:00:00","b8:27:eb:bf:9d:51","0.0059354207","51.8","0.0087170304","0.0234635545","22.2","0.00"
"2020-07-17 08:00:00","00:0f:00:70:91:0a","0.0014448704","75.3","0.0031364438","0.0078741044","19.8","0.00"
"2020-07-17 08:00:00","1c:bf:ce:15:ec:4d","0.0036430829","77.1","0.0061236744","0.0160909850","23.6","1.00"
"2020-07-17 08:00:00","b8:27:eb:bf:9d:51","0.0059089536","52.2","0.0086888971","0.0233826724","22.2","0.00"
"2020-07-17 09:00:00","00:0f:00:70:91:0a","0.0013943320","76.2","0.0030569120","0.0076609059","19.8","0.00"
"2020-07-17 09:00:00","1c:bf:ce:15:ec:4d","0.0036798468","77.5","0.0061682594","0.0162161869","23.6","1.00"
"2020-07-17 09:00:00","b8:27:eb:bf:9d:51","0.0058964141","52.4","0.0086755556","0.0233443227","22.1","0.00"
"2020-07-17 10:00:00","00:0f:00:70:91:0a","0.0013729483","76.2","0.0030228844","0.0075698693","19.9","0.00"
"2020-07-17 10:00:00","1c:bf:ce:15:ec:4d","0.0037258673","77.3","0.0062240603","0.0163728898","23.6","1.00"
"2020-07-17 10:00:00","b8:27:eb:bf:9d:51","0.0058850047","52.7","0.0086634077","0.0233094083","22.1","0.00"
"2020-07-17 11:00:00","00:0f:00:70:91:0a","0.0013740438","77.2","0.0030246288","0.0075745358","19.9","0.00"
"2020-07-17 11:00:00","1c:bf:ce:15:ec:4d","0.0037365435","77.1","0.0062369953","0.0164092198","23.6","1.00"
"2020-07-17 11:00:00","b8:27:eb:bf:9d:51","0.0058717494","52.9","0.0086492902","0.0232688353","22.2","0.00"
"2020-07-17 12:00:00","00:0f:00:70:91:0a","0.0013700536","77.7","0.0030166407","0.0075538665","19.9","0.08"
"2020-07-17 12:00:00","1c:bf:ce:15:ec:4d","0.0037265131","76.9","0.0062248674","0.0163751445","23.7","1.00"
"2020-07-17 12:00:00","b8:27:eb:bf:9d:51","0.0058670046","52.2","0.0086442322","0.0232543012","22.3","0.00"
"2020-07-17 13:00:00","00:0f:00:70:91:0a","0.0052056379","78.7","0.0078811497","0.0210931797","19.8","0.02"
"2020-07-17 13:00:00","1c:bf:ce:15:ec:4d","0.0037671120","76.6","0.0062738710","0.0165128706","24.4","1.00"
"2020-07-17 13:00:00","b8:27:eb:bf:9d:51","0.0058772826","52.0","0.0086551821","0.0232857689","22.3","0.00"
"2020-07-17 14:00:00","00:0f:00:70:91:0a","0.0020812186","77.6","0.0039122424","0.0100498298","19.5","0.00"
"2020-07-17 14:00:00","1c:bf:ce:15:ec:4d","0.0038788190","72.6","0.0064077985","0.0168897299","25.2","1.00"
"2020-07-17 14:00:00","b8:27:eb:bf:9d:51","0.0059337039","51.8","0.0087151960","0.0234582858","22.1","0.00"
"2020-07-17 15:00:00","00:0f:00:70:91:0a","0.0015648469","77.6","0.0033223948","0.0083739306","19.3","0.00"
"2020-07-17 15:00:00","1c:bf:ce:15:ec:4d","0.0039971732","69.2","0.0065487644","0.0172868608","25.9","1.00"
"2020-07-17 15:00:00","b8:27:eb:bf:9d:51","0.0059833098","51.9","0.0087678460","0.0236096928","22.0","0.00"
"2020-07-17 16:00:00","00:0f:00:70:91:0a","0.0019229553","77.8","0.0038562689","0.0098189047","19.2","0.00"
"2020-07-17 16:00:00","1c:bf:ce:15:ec:4d","0.0039785395","69.2","0.0065266143","0.0172244374","26.0","1.00"
"2020-07-17 16:00:00","b8:27:eb:bf:9d:51","0.0060534253","52.1","0.0088420613","0.0238232195","21.9","0.00"
"2020-07-17 17:00:00","00:0f:00:70:91:0a","0.0022516413","77.7","0.0043226960","0.0110924882","19.1","0.00"
"2020-07-17 17:00:00","1c:bf:ce:15:ec:4d","0.0039444418","68.1","0.0064861604","0.0171103907","26.3","1.00"
"2020-07-17 17:00:00","b8:27:eb:bf:9d:51","0.0060162531","52.7","0.0088027486","0.0237100949","21.8","0.00"
"2020-07-17 18:00:00","00:0f:00:70:91:0a","0.0024924967","77.6","0.0046531994","0.0120003616","19.1","0.00"
"2020-07-17 18:00:00","1c:bf:ce:15:ec:4d","0.0038780704","68.1","0.0064070320","0.0168875076","26.7","1.00"
"2020-07-17 18:00:00","b8:27:eb:bf:9d:51","0.0060403736","52.7","0.0088282685","0.0237835247","21.9","0.00"
"2020-07-17 19:00:00","00:0f:00:70:91:0a","0.0026870482","77.7","0.0049128742","0.0127172072","19.1","0.00"
"2020-07-17 19:00:00","1c:bf:ce:15:ec:4d","0.0038450849","65.4","0.0063675375","0.0167763474","27.2","1.00"
"2020-07-17 19:00:00","b8:27:eb:bf:9d:51","0.0060167831","52.2","0.0088033111","0.0237117125","22.3","0.00"
"2020-07-17 20:00:00","00:0f:00:70:91:0a","0.0028056227","77.5","0.0050682383","0.0131475174","19.2","0.00"
"2020-07-17 20:00:00","1c:bf:ce:15:ec:4d","0.0038955805","57.6","0.0064279430","0.0169463905","28.1","1.00"
"2020-07-17 20:00:00","b8:27:eb:bf:9d:51","0.0060854926","51.5","0.0088758894","0.0239206058","22.6","0.00"
"2020-07-17 21:00:00","00:0f:00:70:91:0a","0.0028982269","77.5","0.0051895327","0.0134834817","19.5","0.02"
"2020-07-17 21:00:00","1c:bf:ce:15:ec:4d","0.0039922625","59.4","0.0065428974","0.0172703412","28.4","1.00"
"2020-07-17 21:00:00","b8:27:eb:bf:9d:51","0.0061908114","50.4","0.0089865426","0.0242393900","22.6","0.00"
"2020-07-17 22:00:00","00:0f:00:70:91:0a","0.0040507009","78.0","0.0065997051","0.0174368018","19.6","0.00"
"2020-07-17 22:00:00","1c:bf:ce:15:ec:4d","0.0040020435","62.0","0.0065544783","0.0173030016","26.5","1.00"
"2020-07-17 22:00:00","b8:27:eb:bf:9d:51","0.0069756402","50.2","0.0097964265","0.0265800861","22.4","0.00"
"2020-07-17 23:00:00","00:0f:00:70:91:0a","0.0048258797","76.7","0.0075049120","0.0199958007","20.4","0.00"
"2020-07-17 23:00:00","1c:bf:ce:15:ec:4d","0.0041081352","62.1","0.0066790457","0.0176548308","24.2","1.00"
"2020-07-17 23:00:00","b8:27:eb:bf:9d:51","0.0070358651","50.9","0.0098581982","0.0267588115","22.5","0.00"
"2020-07-18 00:00:00","00:0f:00:70:91:0a","0.0046672932","77.0","0.0073253492","0.0194853485","19.1","0.00"
"2020-07-18 00:00:00","1c:bf:ce:15:ec:4d","0.0043314993","58.8","0.0069402469","0.0183930967","28.1","1.00"
"2020-07-18 00:00:00","b8:27:eb:bf:9d:51","0.0067705723","53.3","0.0095878534","0.0259757128","22.6","0.00"
"2020-07-18 01:00:00","00:0f:00:70:91:0a","0.0042810748","76.9","0.0068811221","0.0182260623","19.3","0.00"
"2020-07-18 01:00:00","1c:bf:ce:15:ec:4d","0.0041628494","60.8","0.0067439955","0.0178379174","27.3","1.00"
"2020-07-18 01:00:00","b8:27:eb:bf:9d:51","0.0064314456","55.9","0.0092332639","0.0249533638","22.9","0.00"
"2020-07-18 02:00:00","00:0f:00:70:91:0a","0.0040125838","76.4","0.0065667011","0.0173376014","19.4","0.00"
"2020-07-18 02:00:00","1c:bf:ce:15:ec:4d","0.0041845243","60.7","0.0067694258","0.0179097524","26.6","1.00"
"2020-07-18 02:00:00","b8:27:eb:bf:9d:51","0.0048652114","54.6","0.0075172851","0.0200470613","22.9","0.00"
"2020-07-18 03:00:00","00:0f:00:70:91:0a","0.0038999062","76.1","0.0064330673","0.0169608408","19.5","0.00"
"2020-07-18 03:00:00","1c:bf:ce:15:ec:4d","0.0041642619","61.0","0.0067456303","0.0178425467","26.1","1.00"
"2020-07-18 03:00:00","b8:27:eb:bf:9d:51","0.0061469702","51.2","0.0089406713","0.0241071402","22.8","0.00"
"2020-07-18 04:00:00","00:0f:00:70:91:0a","0.0037507575","76.1","0.0062541299","0.0164573882","19.6","0.00"
"2020-07-18 04:00:00","1c:bf:ce:15:ec:4d","0.0041151105","60.9","0.0066879381","0.0176795910","25.6","1.00"
"2020-07-18 04:00:00","b8:27:eb:bf:9d:51","0.0060418030","52.5","0.0088297688","0.0237878476","22.7","0.00"
"2020-07-18 05:00:00","00:0f:00:70:91:0a","0.0035353474","76.4","0.0059918166","0.0157213126","19.7","0.00"
"2020-07-18 05:00:00","1c:bf:ce:15:ec:4d","0.0040875603","60.3","0.0066555682","0.0175881764","25.2","1.00"
"2020-07-18 05:00:00","b8:27:eb:bf:9d:51","0.0059648181","51.5","0.0087482312","0.0235532799","22.7","0.00"
"2020-07-18 06:00:00","00:0f:00:70:91:0a","0.0032303176","76.7","0.0056134679","0.0146631130","19.9","0.00"
"2020-07-18 06:00:00","1c:bf:ce:15:ec:4d","0.0040824281","60.3","0.0066495290","0.0175711261","24.7","1.00"
"2020-07-18 06:00:00","b8:27:eb:bf:9d:51","0.0058954322","51.0","0.0086745021","0.0233412990","22.6","0.00"
"2020-07-18 07:00:00","00:0f:00:70:91:0a","0.0031599144","77.1","0.0055245633","0.0144152491","19.9","0.00"
"2020-07-18 07:00:00","1c:bf:ce:15:ec:4d","0.0041124862","60.4","0.0066847925","0.0176707388","24.3","1.00"
"2020-07-18 07:00:00","b8:27:eb:bf:9d:51","0.0058538843","50.8","0.0086302413","0.0232141009","22.6","0.00"
"2020-07-18 08:00:00","00:0f:00:70:91:0a","0.0030700692","76.7","0.0054106531","0.0140978960","20.0","0.00"
"2020-07-18 08:00:00","1c:bf:ce:15:ec:4d","0.0041248408","60.2","0.0066993598","0.0177118520","24.0","1.00"
"2020-07-18 08:00:00","b8:27:eb:bf:9d:51","0.0058118934","51.4","0.0085854101","0.0230853140","22.5","0.00"
"2020-07-18 09:00:00","00:0f:00:70:91:0a","0.0030552175","72.4","0.0053917601","0.0140452916","20.0","0.00"
"2020-07-18 09:00:00","1c:bf:ce:15:ec:4d","0.0041445729","60.2","0.0067225452","0.0177773285","23.7","1.00"
"2020-07-18 09:00:00","b8:27:eb:bf:9d:51","0.0057784013","51.4","0.0085495912","0.0229824483","22.3","0.00"
"2020-07-18 10:00:00","00:0f:00:70:91:0a","0.0030502881","68.2","0.0053854822","0.0140278155","20.0","0.00"
"2020-07-18 10:00:00","1c:bf:ce:15:ec:4d","0.0041855864","60.1","0.0067706199","0.0179131518","23.5","1.00"
"2020-07-18 10:00:00","b8:27:eb:bf:9d:51","0.0057450935","51.9","0.0085139118","0.0228800127","22.3","0.00"
"2020-07-18 11:00:00","00:0f:00:70:91:0a","0.0030255596","74.2","0.0053538327","0.0139397883","20.0","0.00"
"2020-07-18 11:00:00","1c:bf:ce:15:ec:4d","0.0041447349","59.8","0.0067226972","0.0177777771","23.6","1.00"
"2020-07-18 11:00:00","b8:27:eb:bf:9d:51","0.0057172328","52.1","0.0084840288","0.0227942385","22.1","0.00"
"2020-07-18 12:00:00","00:0f:00:70:91:0a","0.0028951485","76.8","0.0051855523","0.0134724312","19.9","0.00"
"2020-07-18 12:00:00","1c:bf:ce:15:ec:4d","0.0040893594","59.7","0.0066576900","0.0175941645","24.1","1.00"
"2020-07-18 12:00:00","b8:27:eb:bf:9d:51","0.0057032182","52.4","0.0084689785","0.0227510483","22.1","0.00"
"2020-07-18 13:00:00","00:0f:00:70:91:0a","0.0027506500","76.5","0.0049965880","0.0129488805","19.7","0.00"
"2020-07-18 13:00:00","1c:bf:ce:15:ec:4d","0.0040772144","60.8","0.0066433843","0.0175537825","24.7","1.00"
"2020-07-18 13:00:00","b8:27:eb:bf:9d:51","0.0056827710","54.5","0.0084469927","0.0226879695","22.1","0.00"
"2020-07-18 14:00:00","00:0f:00:70:91:0a","0.0028609142","75.7","0.0051357919","0.0133369989","19.5","0.00"
"2020-07-18 14:00:00","1c:bf:ce:15:ec:4d","0.0040475150","62.9","0.0066083247","0.0174548551","25.5","1.00"
"2020-07-18 14:00:00","b8:27:eb:bf:9d:51","0.0058752600","54.1","0.0086521494","0.0232775035","21.9","0.00"
"2020-07-18 15:00:00","00:0f:00:70:91:0a","0.0036624229","75.6","0.0061469129","0.0161563510","19.2","0.00"
"2020-07-18 15:00:00","1c:bf:ce:15:ec:4d","0.0040064782","62.2","0.0065595775","0.0173174586","27.1","1.00"
"2020-07-18 15:00:00","b8:27:eb:bf:9d:51","0.0061367905","53.1","0.0089242964","0.0240629856","21.6","0.00"
"2020-07-18 16:00:00","00:0f:00:70:91:0a","0.0036445798","75.1","0.0061253534","0.0160957684","19.1","0.00"
"2020-07-18 16:00:00","1c:bf:ce:15:ec:4d","0.0041262393","57.4","0.0067009941","0.0177164719","28.5","1.00"
"2020-07-18 16:00:00","b8:27:eb:bf:9d:51","0.0061707905","53.1","0.0089657372","0.0241793335","21.5","0.00"
"2020-07-18 17:00:00","00:0f:00:70:91:0a","0.0038306213","76.0","0.0063500207","0.0167271453","19.2","0.25"
"2020-07-18 17:00:00","1c:bf:ce:15:ec:4d","0.0045148368","55.5","0.0071518380","0.0189925517","29.0","1.00"
"2020-07-18 17:00:00","b8:27:eb:bf:9d:51","0.0061074080","53.3","0.0088990225","0.0239871954","21.7","0.00"
"2020-07-18 18:00:00","00:0f:00:70:91:0a","0.0039512230","76.1","0.0064941057","0.0171328401","19.1","0.00"
"2020-07-18 18:00:00","1c:bf:ce:15:ec:4d","0.0044682985","60.3","0.0070984664","0.0188411747","28.7","1.00"
"2020-07-18 18:00:00","b8:27:eb:bf:9d:51","0.0060544088","52.5","0.0088430986","0.0238262059","22.0","0.00"
"2020-07-18 19:00:00","00:0f:00:70:91:0a","0.0041869367","76.4","0.0067714406","0.0179158529","19.1","0.00"
"2020-07-18 19:00:00","1c:bf:ce:15:ec:4d","0.0043190755","61.0","0.0069259798","0.0183526408","29.0","1.00"
"2020-07-18 19:00:00","b8:27:eb:bf:9d:51","0.0060244164","51.3","0.0088113907","0.0237349586","22.2","0.00"
"2020-07-18 20:00:00","00:0f:00:70:91:0a","0.0046462238","76.4","0.0073014267","0.0194173763","19.6","0.00"
"2020-07-18 20:00:00","1c:bf:ce:15:ec:4d","0.0043307330","52.7","0.0069395631","0.0183910580","26.9","1.00"
"2020-07-18 20:00:00","b8:27:eb:bf:9d:51","0.0060356526","50.6","0.0088232714","0.0237691473","22.3","0.00"
"2020-07-18 21:00:00","00:0f:00:70:91:0a","0.0049101521","76.6","0.0075995762","0.0202652892","19.1","0.00"
"2020-07-18 21:00:00","1c:bf:ce:15:ec:4d","0.0045001372","53.3","0.0071349894","0.0189447595","26.2","1.00"
"2020-07-18 21:00:00","b8:27:eb:bf:9d:51","0.0060706940","50.1","0.0088602999","0.0238757149","22.5","0.00"
"2020-07-18 22:00:00","00:0f:00:70:91:0a","0.0049915909","76.7","0.0076904440","0.0205242803","19.3","0.00"
"2020-07-18 22:00:00","1c:bf:ce:15:ec:4d","0.0045367063","54.9","0.0071769093","0.0190636656","27.3","1.00"
"2020-07-18 22:00:00","b8:27:eb:bf:9d:51","0.0060931514","50.2","0.0088839989","0.0239439363","22.4","0.00"
"2020-07-18 23:00:00","00:0f:00:70:91:0a","0.0048808611","76.6","0.0075667862","0.0201718858","19.1","0.00"
"2020-07-18 23:00:00","1c:bf:ce:15:ec:4d","0.0051140248","56.7","0.0078231185","0.0209044217","29.5","1.00"
"2020-07-18 23:00:00","b8:27:eb:bf:9d:51","0.0060599072","50.7","0.0088489067","0.0238429226","22.3","0.00"
"2020-07-19 00:00:00","00:0f:00:70:91:0a","0.0046858142","76.8","0.0073438653","0.0195392391","19.1","0.00"
"2020-07-19 00:00:00","1c:bf:ce:15:ec:4d","0.0051677944","57.7","0.0078847782","0.0210793156","29.0","1.00"
"2020-07-19 00:00:00","b8:27:eb:bf:9d:51","0.0060291198","50.4","0.0088163639","0.0237492698","22.5","0.00"
"2020-07-19 01:00:00","00:0f:00:70:91:0a","0.0040307621","76.8","0.0065854834","0.0173919411","19.1","0.00"
"2020-07-19 01:00:00","1c:bf:ce:15:ec:4d","0.0048325180","54.4","0.0075120381","0.0200162550","29.8","1.00"
"2020-07-19 01:00:00","b8:27:eb:bf:9d:51","0.0060108514","50.5","0.0087970346","0.0236936532","22.3","0.00"
"2020-07-19 02:00:00","00:0f:00:70:91:0a","0.0037622782","76.7","0.0062679677","0.0164963136","19.2","0.00"
"2020-07-19 02:00:00","1c:bf:ce:15:ec:4d","0.0045324255","54.2","0.0071716785","0.0190489921","29.8","1.00"
"2020-07-19 02:00:00","b8:27:eb:bf:9d:51","0.0059758743","50.2","0.0087599649","0.0235870235","22.5","0.00"
"2020-07-19 03:00:00","00:0f:00:70:91:0a","0.0036592053","75.9","0.0061412437","0.0161413275","19.2","0.02"
"2020-07-19 03:00:00","1c:bf:ce:15:ec:4d","0.0043443024","55.1","0.0069554250","0.0184358940","29.2","1.00"
"2020-07-19 03:00:00","b8:27:eb:bf:9d:51","0.0059186934","49.8","0.0086992509","0.0234124388","22.5","0.00"
"2020-07-19 04:00:00","00:0f:00:70:91:0a","0.0042499761","72.3","0.0067628227","0.0179333204","19.6","0.00"
"2020-07-19 04:00:00","1c:bf:ce:15:ec:4d","0.0043066304","55.9","0.0069115227","0.0183117301","28.5","1.00"
"2020-07-19 04:00:00","b8:27:eb:bf:9d:51","0.0058636472","50.4","0.0086406379","0.0232439807","22.7","0.00"
"2020-07-19 05:00:00","00:0f:00:70:91:0a","0.0036746823","77.2","0.0060658313","0.0159764840","19.7","0.00"
"2020-07-19 05:00:00","1c:bf:ce:15:ec:4d","0.0043450979","56.6","0.0069562315","0.0184382351","27.9","1.00"
"2020-07-19 05:00:00","b8:27:eb:bf:9d:51","0.0058039617","50.2","0.0085769258","0.0230609493","22.8","0.00"
"2020-07-19 06:00:00","00:0f:00:70:91:0a","0.0026076075","77.1","0.0048077704","0.0124266064","19.7","0.00"
"2020-07-19 06:00:00","1c:bf:ce:15:ec:4d","0.0042582814","57.2","0.0068554235","0.0181529475","27.3","1.00"
"2020-07-19 06:00:00","b8:27:eb:bf:9d:51","0.0057514892","50.5","0.0085207651","0.0228996874","22.8","0.00"
"2020-07-19 07:00:00","00:0f:00:70:91:0a","0.0028904405","75.9","0.0051795091","0.0134556318","19.4","0.00"
"2020-07-19 07:00:00","1c:bf:ce:15:ec:4d","0.0043289971","57.2","0.0069377003","0.0183857090","26.8","1.00"
"2020-07-19 07:00:00","b8:27:eb:bf:9d:51","0.0057515877","49.8","0.0085208768","0.0229000049","22.2","0.00"
"2020-07-19 08:00:00","00:0f:00:70:91:0a","0.0030124100","75.8","0.0053369736","0.0138929126","19.5","0.00"
"2020-07-19 08:00:00","1c:bf:ce:15:ec:4d","0.0043461584","57.5","0.0069574502","0.0184416909","26.4","1.00"
"2020-07-19 08:00:00","b8:27:eb:bf:9d:51","0.0057576824","50.4","0.0085274081","0.0229187549","22.1","0.00"
"2020-07-19 09:00:00","00:0f:00:70:91:0a","0.0031394973","75.7","0.0054986466","0.0143430606","19.5","0.00"
"2020-07-19 09:00:00","1c:bf:ce:15:ec:4d","0.0044646708","57.8","0.0070938946","0.0188284165","25.9","1.00"
"2020-07-19 09:00:00","b8:27:eb:bf:9d:51","0.0057436274","50.8","0.0085123425","0.0228755066","22.0","0.00"
"2020-07-19 10:00:00","00:0f:00:70:91:0a","0.0030160136","75.6","0.0053416232","0.0139058259","19.6","0.00"
"2020-07-19 10:00:00","1c:bf:ce:15:ec:4d","0.0045960490","58.1","0.0072446615","0.0192559837","25.6","1.00"
"2020-07-19 10:00:00","b8:27:eb:bf:9d:51","0.0057272647","51.1","0.0084947955","0.0228251392","22.0","0.00"
"2020-07-19 11:00:00","00:0f:00:70:91:0a","0.0028068936","76.5","0.0050696284","0.0131515012","19.8","0.02"
"2020-07-19 11:00:00","1c:bf:ce:15:ec:4d","0.0045085086","58.1","0.0071445162","0.0189718177","25.7","1.00"
"2020-07-19 11:00:00","b8:27:eb:bf:9d:51","0.0056897734","52.6","0.0084545280","0.0227095858","22.2","0.00"
"2020-07-19 12:00:00","00:0f:00:70:91:0a","0.0024267225","76.2","0.0045633859","0.0117534139","19.7","0.00"
"2020-07-19 12:00:00","1c:bf:ce:15:ec:4d","0.0042422346","57.6","0.0068365388","0.0180996312","26.1","1.00"
"2020-07-19 12:00:00","b8:27:eb:bf:9d:51","0.0056479678","52.6","0.0084095427","0.0225805371","22.3","0.00"
"2020-07-19 13:00:00","00:0f:00:70:91:0a","0.0023714532","76.7","0.0044888664","0.0115480838","19.4","0.00"
"2020-07-19 13:00:00","1c:bf:ce:15:ec:4d","0.0041863738","58.7","0.0067715790","0.0179158431","26.7","1.00"
"2020-07-19 13:00:00","b8:27:eb:bf:9d:51","0.0056666520","53.0","0.0084296581","0.0226382368","21.9","0.00"
"2020-07-19 14:00:00","00:0f:00:70:91:0a","0.0023650645","76.4","0.0044632672","0.0114854844","19.4","0.00"
"2020-07-19 14:00:00","1c:bf:ce:15:ec:4d","0.0042053014","62.7","0.0067937321","0.0179784480","27.5","1.00"
"2020-07-19 14:00:00","b8:27:eb:bf:9d:51","0.0056814406","53.8","0.0084455713","0.0226838869","21.8","0.00"
"2020-07-19 15:00:00","00:0f:00:70:91:0a","0.0032822131","76.5","0.0055683067","0.0145912081","19.3","0.00"
"2020-07-19 15:00:00","1c:bf:ce:15:ec:4d","0.0041650292","65.5","0.0067465263","0.0178450799","28.2","1.00"
"2020-07-19 15:00:00","b8:27:eb:bf:9d:51","0.0057043159","53.1","0.0084701577","0.0227544321","21.9","0.00"
"2020-07-19 16:00:00","00:0f:00:70:91:0a","0.0022710299","76.4","0.0043503681","0.0111679748","19.3","0.00"
"2020-07-19 16:00:00","1c:bf:ce:15:ec:4d","0.0040676216","65.9","0.0066320785","0.0175218716","28.8","1.00"
"2020-07-19 16:00:00","b8:27:eb:bf:9d:51","0.0056960474","52.5","0.0084612738","0.0227289402","22.2","0.00"
"2020-07-19 17:00:00","00:0f:00:70:91:0a","0.0023551869","76.7","0.0044665131","0.0114866958","19.2","0.00"
"2020-07-19 17:00:00","1c:bf:ce:15:ec:4d","0.0040598621","65.3","0.0066229220","0.0174960331","29.3","1.00"
"2020-07-19 17:00:00","b8:27:eb:bf:9d:51","0.0056792971","52.5","0.0084432659","0.0226772727","22.3","0.00"
"2020-07-19 18:00:00","00:0f:00:70:91:0a","0.0024706530","76.4","0.0046234983","0.0119186401","19.2","0.00"
"2020-07-19 18:00:00","1c:bf:ce:15:ec:4d","0.0039446880","65.1","0.0064860157","0.0171102033","28.5","1.00"
"2020-07-19 18:00:00","b8:27:eb:bf:9d:51","0.0056862150","51.8","0.0084507048","0.0226986152","22.6","0.00"
"2020-07-19 19:00:00","00:0f:00:70:91:0a","0.0026313145","70.5","0.0048390644","0.0125131660","19.5","0.22"
"2020-07-19 19:00:00","1c:bf:ce:15:ec:4d","0.0038294331","65.4","0.0063485467","0.0167230222","29.1","1.00"
"2020-07-19 19:00:00","b8:27:eb:bf:9d:51","0.0057244609","50.8","0.0084917810","0.0228164902","22.6","0.00"
"2020-07-19 20:00:00","00:0f:00:70:91:0a","0.0029118217","75.7","0.0052063529","0.0135305569","19.5","0.17"
"2020-07-19 20:00:00","1c:bf:ce:15:ec:4d","0.0040455117","65.9","0.0066059577","0.0174481770","29.0","1.00"
"2020-07-19 20:00:00","b8:27:eb:bf:9d:51","0.0058199609","50.3","0.0085940153","0.0231100383","21.8","0.00"
"2020-07-19 21:00:00","00:0f:00:70:91:0a","0.0031846380","75.0","0.0055555905","0.0145018482","19.4","0.00"
"2020-07-19 21:00:00","1c:bf:ce:15:ec:4d","0.0040663079","65.9","0.0066305262","0.0175174924","28.6","1.00"
"2020-07-19 21:00:00","b8:27:eb:bf:9d:51","0.0058510754","50.3","0.0086257226","0.0232019253","21.7","0.00"
"2020-07-19 22:00:00","00:0f:00:70:91:0a","0.0035366248","75.2","0.0059932258","0.0157253406","19.2","0.00"
"2020-07-19 22:00:00","1c:bf:ce:15:ec:4d","0.0041490692","68.9","0.0067275605","0.0177916265","27.8","1.00"
"2020-07-19 22:00:00","b8:27:eb:bf:9d:51","0.0056404982","50.3","0.0083870962","0.0225237276","21.9","0.00"
"2020-07-19 23:00:00","00:0f:00:70:91:0a","0.0037244814","75.1","0.0062223327","0.0163680620","19.3","0.00"
"2020-07-19 23:00:00","1c:bf:ce:15:ec:4d","0.0044193677","73.7","0.0070420071","0.0186812145","27.0","1.00"
"2020-07-19 23:00:00","b8:27:eb:bf:9d:51","0.0057667682","55.2","0.0085306381","0.0229314456","22.1","0.00"
